"","colony_num","new_yard","split_date","parent_yard","parent_id","varroa_5cup","splits_made","stratum","trt","trt_numeric","ch2_date","ch2_var_tray","ch2_var_wash","ch2_var_total","ch2_wash_workers","ch2_wash_drones","ch2_wash_queens","ch18_date","ch18_qstatus","ch18_eggs","ch18_ageoldest","ch18_age","ch30_date","ch30_eggs","ch30_qstatus","ch30_ageoldest","ch30_age","lay_18","lay_30","start_layday","ch44_date","ch44_eggs","ch44_qstatus","ch44_fob","ch58_date","ch58_eggs","ch58_qstatus","ch58_fob","ch72_date","ch72_eggs","ch72_qstatus","ch72_fob","ch72_supered","ch77_var_total","ch77_wash_workers","ch77_wash_drones","ch77_wash_queens","ch77_supers_use","ch77_lbs","bottom_board","supers_supering_sheet_dontuse","chpost_date","post_supers_use","post_lbs","post_q_status","post_quick_fob","post_issues","chpost_var_total","chpost_wash_workers","chpost_wash_drones","chpost_wash_queens","date_decided_remove","exp_day_decided_remove","reason_removal","date","ch77_qstatus","ch77_efb","ch77_deeps_num","ch77_mediums_num","frames_bees","frames_wbr","frames_dbr","frames_honey","trt_label","trt_type","efb_columns","efb","ch2_wash_bees","ch77_wash_bees","chpost_wash_bees","qstatuses","failed","weak","QL","DL","established","issues","ch77_lbs_C","ch77_kgs_C","post_lbs_C","post_kgs_C"
"1","22-001","Shaw","3/8/22","MOT","21-030",16,3,1,"3-Taktic",3,"3/10/22",21,3,24,309,2,0,"3/26/22","QNS","N",NA,NA,"4/7/22","Y","QR","Prepupa",11,"#VALUE!","19",19,"4/21/22","Y","QR",5,"5/5/22","Y","QR","10","5/19/22","Y","QS",7,"",6,298,0,0,1,110.8,"Normal",1,"7/1/22",1,121.4,"QR",7,NA,15,292,8,0,"",NA,"","2022-05-24","QR",NA,2,2,2.675,1.7,0.05,4.325,"Amitraz EC","Synthetic"," NA",0,311,298,300,"QR QR QS QR ",0,0,0,0,1,0,110.8,50.3032,121.4,55.1156
"2","22-002","Shaw","3/8/22","MOT","21-030",16,3,1,"2-Apivar",2,"3/10/22",6,5,11,305,2,0,"3/26/22","QR","Y","L3",6,"4/7/22","Y","QR","Capped",NA,"12","#VALUE!",12,"4/21/22","N","QL",7.5,"5/5/22","Y","QR","10","5/19/22","Y","QR",9,"",3,362,2,0,1,127.6,"Normal",1,"7/1/22",1,149.2,"QR",16,NA,1,318,12,0,"",NA,"","2022-05-24","QS",NA,2,1,2.575,2.4625,0.175,6.1,"Apivar","Synthetic"," NA",0,307,364,330,"QL QR QR QS ",0,0,1,0,1,1,127.6,57.9304,149.2,67.7368
"3","22-003","Shaw","3/8/22","MOT","21-030",16,3,2,"4-Dribble18",4,"3/10/22",NA,NA,23,301,3,0,"3/26/22","QNS","N",NA,NA,"4/7/22","Y","QR","L4",7,"#VALUE!","23",23,"4/21/22","Y","QR",2.5,"5/5/22","Y","QR","8",NA,"Y","QR",4,"",NA,NA,NA,NA,1,95.2,"Normal",1,"7/1/22",1,91.6,"QS",4.5,1,32,369,5,0,"5/19/22",72,"Weak",NA,NA,NA,NA,NA,NA,NA,NA,NA,"OA Dribble","Organic","Weak NA",0,304,NA,374,"QR QR QR NA Weak",0,1,0,0,1,1,95.2,43.2208,91.6,41.5864
"4","22-004","Shaw","3/8/22","MOT","20-1",1,2,5,"4-Dribble18",4,"3/10/22",NA,NA,0,293,2,0,"3/26/22","QR","Y","L1",4,"4/7/22","Y","QR","Capped",NA,"14","#VALUE!",14,"4/21/22","Y","QR",9,"5/5/22","Y","QR","15","5/19/22","Y","QR",17,"second super",1,265,12,0,2,176.6,"Normal",3,"7/1/22",3,227.2,"QR",17,NA,7,362,13,0,"",NA,"","2022-05-24","QS",NA,2,2,4.852,2.4875,0.1125,10.754,"OA Dribble","Organic"," NA",0,295,277,375,"QR QR QR QS ",0,0,0,0,1,0,164.6,74.7284,203.2,92.2528
"5","22-005","Shaw","3/8/22","MOT","20-1",1,2,5,"7-HopGuard",7,"3/10/22",NA,NA,1,301,3,0,"3/26/22","VQS","N",NA,NA,"4/7/22","Y","QR","White eye",13,"#VALUE!","17",17,"4/21/22","Y","QR",6.5,"5/5/22","Y","QS","12","5/19/22","Y","QR",17,"second super",1,404,3,0,2,165.4,"Normal",3,"7/1/22",3,201.8,"QR",14,NA,9,344,3,0,"",NA,"","2022-05-24","QS",NA,2,2,7.705,2.95,0.3,8.442,"HopGuard","Organic"," NA",0,304,407,347,"QR QS QR QS ",0,0,0,0,1,0,153.4,69.6436,177.8,80.7212
"6","22-006","Shaw","3/8/22","MOT","20-C5",7,3,2,"1-Control",1,"3/10/22",1,5,6,280,3,0,"3/26/22","QNS","N",NA,NA,"4/7/22","N","QL",NA,NA,"#VALUE!","#VALUE!",NA,"4/21/22",NA,NA,NA,NA,NA,NA,NA,NA,NA,NA,NA,NA,NA,NA,NA,NA,NA,NA,NA,NA,NA,NA,NA,NA,NA,NA,NA,NA,NA,NA,"4/7/22",30,"Failed to mate",NA,NA,NA,NA,NA,NA,NA,NA,NA,"Control","Control","Failed to mate NA",0,283,NA,NA,"NA NA NA NA Failed to mate",1,0,0,0,0,1,NA,NA,NA,NA
"7","22-007","Shaw","3/8/22","MOT","20-C5",7,3,2,"6-ManyDribble",6,"3/10/22",1,12,13,281,7,0,"3/26/22","QR","Y","L1",4,"4/7/22","Y","QR","Capped",NA,"14","#VALUE!",14,"4/21/22","Y","QR",8,"5/5/22","Y","QR","15","5/19/22","N","QL",9,"",32,232,45,0,1,134.4,"Normal",1,NA,NA,NA,NA,NA,NA,NA,NA,NA,NA,"24-May",77,"QL","2022-05-24","QL",NA,2,1,2,1.225,0,8.4,"5x OA Dribble","Organic","QL NA",0,288,277,NA,"QR QR QL QL QL",0,0,1,0,1,1,134.4,61.0176,NA,NA
"8","22-008","Shaw","3/8/22","MOT","20-C5",7,3,2,"3-Taktic",3,"3/10/22",NA,NA,8,264,6,0,"3/26/22","QNS","N",NA,NA,"4/7/22","Y","QR","Prepupa",11,"#VALUE!","19",19,"4/21/22","Y","QR",5.5,"5/5/22","Y","QR","12","5/19/22","Y","QR",15,"",1,262,4,0,1,140,"Normal",2,"7/1/22",2,182.2,"QR",15,NA,12,328,4,0,"",NA,"","2022-05-24","QR",NA,2,1,4.474,2.225,0.25,7.564,"Amitraz EC","Synthetic"," NA",0,270,266,332,"QR QR QR QR ",0,0,0,0,1,0,140,63.56,170.2,77.2708
"9","22-009","Shaw","3/8/22","MOT","21-016",1,3,6,"3-Taktic",3,"3/10/22",NA,NA,1,267,1,0,"3/26/22","QS","Y","L5",8,"4/7/22","Y","QR","Capped",NA,"10","#VALUE!",10,"4/21/22","Y","QR",9,"5/5/22","Y","QR","15","5/19/22","Y","QR",15,"",2,296,9,0,1,158.6,"Normal",2,"7/1/22",2,194.4,"QL",10,1,6,347,10,0,"",NA,"","2022-05-24","QR",NA,2,1,5.251,1.8375,0,12.3025,"Amitraz EC","Synthetic"," NA",0,268,305,357,"QR QR QR QR ",0,0,0,0,1,0,158.6,72.0044,182.4,82.8096
"10","22-010","Shaw","3/8/22","MOT","21-016",1,3,6,"1-Control",1,"3/10/22",NA,NA,1,274,12,0,"3/26/22","QS","Y","L5",8,"4/7/22","Y","QR","Capped",NA,"10","#VALUE!",10,"4/21/22","Y","QR",8.5,"5/5/22","Y","QR","14","5/19/22","Y","QR",19,"",13,327,17,0,1,155,"Normal",2,"7/1/22",2,191.8,"QR",17,NA,51,359,1,0,"",NA,"","2022-05-24","QR",NA,2,1,6.325,2.0125,0.1,10.0286,"Control","Control"," NA",0,286,344,360,"QR QR QR QR ",0,0,0,0,1,0,155,70.37,179.8,81.6292
"11","22-011","Shaw","3/8/22","MOT","21-016",1,3,6,"4-Dribble18",4,"3/10/22",NA,NA,7,233,2,0,"3/26/22","QS","Y","L1",4,"4/7/22","Y","QR","Capped",NA,"14","#VALUE!",14,"4/21/22","Y","QR",8,"5/5/22","Y","QR","16","5/19/22","Y","QR",15,"second super",2,304,7,0,2,180,"Normal",3,"7/1/22",3,227.6,"QR",18,NA,9,323,12,0,"",NA,"","2022-05-24","QS",NA,2,2,6.993,2.975,0.0625,12.242,"OA Dribble","Organic"," NA",0,235,311,335,"QR QR QR QS ",0,0,0,0,1,0,168,76.272,203.6,92.4344
"12","22-012","Shaw","3/8/22","MOT","21-044",5,3,3,"5-Vapor18",5,"3/10/22",NA,NA,1,323,0,0,"3/26/22","QR","Y","Eggs",2,"4/7/22","Y","QR","Capped",NA,"16","#VALUE!",16,"4/21/22","Y","QR",7.5,"5/5/22","Y","QR","12","5/19/22","Y","QR",12,"",1,282,1,0,1,150,"Normal",2,"7/1/22",2,192.4,"QR",14,NA,41,369,8,0,"",NA,"","2022-05-24","QR",NA,2,1,5.923,2.4125,0.025,9.0345,"OA Vapor","Organic"," NA",0,323,283,377,"QR QR QR QR ",0,0,0,0,1,0,150,68.1,180.4,81.9016
"13","22-013","Shaw","3/8/22","MOT","21-044",5,3,3,"6-ManyDribble",6,"3/10/22",NA,NA,4,341,0,0,"3/26/22","QR","Y","Eggs",2,"4/7/22","Y","QS","Capped",NA,"16","#VALUE!",16,"4/21/22","Y","QR",7,"5/5/22","Y","QR","14","5/19/22","Y","QR",11,"",6,363,5,0,1,164.4,"Normal",1,"7/1/22",1,189.2,"QR",14,NA,22,337,14,0,"",NA,"","2022-05-24","QR",NA,2,2,3.175,2.325,0.05,10.2,"5x OA Dribble","Organic"," NA",0,341,368,351,"QR QR QR QR ",0,0,0,0,1,0,164.4,74.6376,189.2,85.8968
"14","22-014","Shaw","3/8/22","MOT","21-044",5,3,3,"2-Apivar",2,"3/10/22",NA,NA,4,328,1,0,"3/26/22","QS","Y","L2",5,"4/7/22","Y","QR","Capped",NA,"13","#VALUE!",13,"4/21/22","Y","QR",8,"5/5/22","Y","QR","13","5/19/22","Y","QR",12,"",3,329,1,0,1,149.4,"Normal",1,NA,NA,NA,NA,NA,NA,NA,NA,NA,NA,"5/24/22",77,"EFB","2022-05-24","QR","Observed",2,1,3.1,2.125,0,9,"Apivar","Synthetic","EFB Observed",1,329,330,NA,"QR QR QR QR EFB",0,0,0,0,1,1,149.4,67.8276,NA,NA
"15","22-015","Shaw","3/8/22","MOT","21-018",5,4,3,"3-Taktic",3,"3/10/22",NA,NA,8,284,0,0,"3/26/22","VQS","N",NA,NA,"4/7/22","N","QL",NA,NA,"#VALUE!","#VALUE!",NA,"4/21/22",NA,NA,NA,NA,NA,NA,NA,NA,NA,NA,NA,NA,NA,NA,NA,NA,NA,NA,NA,NA,NA,NA,NA,NA,NA,NA,NA,NA,NA,NA,"4/7/22",30,"Failed to mate",NA,NA,NA,NA,NA,NA,NA,NA,NA,"Amitraz EC","Synthetic","Failed to mate NA",0,284,NA,NA,"NA NA NA NA Failed to mate",1,0,0,0,0,1,NA,NA,NA,NA
"16","22-016","Shaw","3/8/22","MOT","21-018",5,4,3,"4-Dribble18",4,"3/10/22",NA,NA,10,298,1,0,"3/26/22","QNS","N",NA,NA,"4/7/22","Y","QR","L5",8,"#VALUE!","22",22,"4/21/22","Y","QR",3,"5/5/22","Y","QR","9","5/19/22","Y","QR",8,"",12,413,1,0,1,117.6,"Normal",1,"7/1/22",1,129.8,"QR",7,NA,29,364,2,0,"",NA,"","2022-05-24","QS",NA,2,1,2.95,2.0125,0,4.9,"OA Dribble","Organic"," NA",0,299,414,366,"QR QR QR QS ",0,0,0,0,1,0,117.6,53.3904,129.8,58.9292
"17","22-017","Shaw","3/8/22","MOT","21-018",5,4,3,"7-HopGuard",7,"3/10/22",NA,NA,9,280,24,0,"3/26/22","QR","Y","L3",6,"4/7/22","Y","QS","Capped",NA,"12","#VALUE!",12,"4/21/22","Y","QR",7,"5/5/22","Y","QR","13","5/19/22","Y","QR",16,"",1,271,2,0,1,156.4,"Normal",2,"7/1/22",2,190,"QR",18,NA,5,316,7,0,"",NA,"","2022-05-24","QS",NA,2,1,3.768,2.325,0.0375,9.265,"HopGuard","Organic"," NA",0,304,273,323,"QR QR QR QS ",0,0,0,0,1,0,156.4,71.0056,178,80.812
"18","22-018","Shaw","3/8/22","MOT","21-018",5,4,3,"1-Control",1,"3/10/22",NA,NA,3,309,6,0,"3/26/22","VQS","N",NA,NA,"4/7/22","Y","QS","Prepupa",11,"#VALUE!","19",19,"4/21/22","Y","QR",4.5,"5/5/22","Y","QR","11","5/19/22","Y","QR",7,"",8,390,0,0,1,112.4,"Normal",1,"7/1/22",1,130,"QR",8,NA,30,362,7,0,"",NA,"","2022-05-24","QS",NA,2,1,3.45,2.125,0,3.7375,"Control","Control"," NA",0,315,390,369,"QR QR QR QS ",0,0,0,0,1,0,112.4,51.0296,130,59.02
"19","22-019","Shaw","3/8/22","MOT","20-18",3,3,5,"3-Taktic",3,"3/10/22",NA,NA,3,286,4,0,"3/26/22","VQS","N",NA,NA,"4/7/22","Y","QR","L3",6,"#VALUE!","24",24,"4/21/22","Y","QR",4,"5/5/22","Y","QR","7","5/19/22","Y","QR",6,"",0,300,0,0,1,113.2,"Normal",1,"7/1/22",1,142.2,"QR",17,NA,4,391,2,0,"",NA,"","2022-05-24","QR",NA,2,1,2.291,2.075,0.025,4.025,"Amitraz EC","Synthetic"," NA",0,290,300,393,"QR QR QR QR ",0,0,0,0,1,0,113.2,51.3928,142.2,64.5588
"20","22-020","Shaw","3/8/22","MOT","20-18",3,3,5,"5-Vapor18",5,"3/10/22",NA,NA,3,314,1,0,"3/26/22","QS","Y","L5",8,"4/7/22","Y","QR","Capped",NA,"10","#VALUE!",10,"4/21/22","Y","QR",9.5,"5/5/22","Y","QR","15","5/19/22","Y","QR",13,"",24,310,2,0,1,175.6,"Normal",2,"7/1/22",2,163.6,"QR",12,NA,157,332,1,0,"",NA,"","2022-05-24","QS",NA,2,1,3.7676,0.975,0.05,11.845,"OA Vapor","Organic"," NA",0,315,312,333,"QR QR QR QS ",0,0,0,0,1,0,175.6,79.7224,151.6,68.8264
"21","22-021","Shaw","3/8/22","MOT","20-18",3,3,5,"2-Apivar",2,"3/10/22",NA,NA,3,284,9,0,"3/26/22","QNS","N",NA,NA,"4/7/22","Y","QS","L2",5,"#VALUE!","25",25,"4/21/22","Y","QR",7,"5/5/22","Y","QR","11","5/19/22","Y","QR",7,"",5,310,23,0,1,120.4,"Normal",1,"7/1/22",1,139,"QR",14,NA,4,366,10,0,"",NA,"","2022-05-24","QS",NA,2,1,2.7975,1.175,0.25,4.775,"Apivar","Synthetic"," NA",0,293,333,376,"QR QR QR QS ",0,0,0,0,1,0,120.4,54.6616,139,63.106
"22","22-022","Shaw","3/8/22","MOT","21-008",3,2,5,"6-ManyDribble",6,"3/10/22",NA,NA,0,337,1,0,"3/26/22","QNS","N",NA,NA,"4/7/22","Y","QS","Prepupa",11,"#VALUE!","19",19,"4/21/22","Y","QR",6,"5/5/22","Y","QR","10","5/19/22","Y","QR",14,"",1,336,1,0,1,132.2,"Normal",1,"7/1/22",1,157.8,"QL",16,1,20,340,1,0,"",NA,"","2022-05-24","QR",NA,2,1,4.275,1.6125,0,5.8775,"5x OA Dribble","Organic"," NA",0,338,337,341,"QR QR QR QR ",0,0,0,0,1,0,132.2,60.0188,157.8,71.6412
"23","22-023","Shaw","3/8/22","MOT","21-008",3,2,5,"1-Control",1,"3/10/22",NA,NA,1,269,2,0,"3/26/22","QS","Y","L5",8,"4/7/22","Y","QR","Capped",NA,"10","#VALUE!",10,"4/21/22","Y","QR",8,NA,NA,NA,NA,NA,NA,NA,NA,NA,NA,NA,NA,NA,NA,NA,NA,NA,NA,NA,NA,NA,NA,NA,NA,NA,NA,NA,"4/21/22",44,"EFB",NA,NA,NA,NA,NA,NA,NA,NA,NA,"Control","Control","EFB NA",1,271,NA,NA,"QR NA NA NA EFB",0,0,0,0,1,1,NA,NA,NA,NA
"24","22-024","Shaw","3/8/22","MOT","21-001",1,2,6,"2-Apivar",2,"3/10/22",NA,NA,1,288,0,0,"3/26/22","QS","Y","Eggs",2,"4/7/22","Y","QS","Capped",NA,"16","#VALUE!",16,"4/21/22","Y","QR",8,NA,NA,NA,NA,NA,NA,NA,NA,NA,NA,NA,NA,NA,NA,NA,NA,NA,NA,NA,NA,NA,NA,NA,NA,NA,NA,NA,"4/21/22",44,"EFB",NA,NA,NA,NA,NA,NA,NA,NA,NA,"Apivar","Synthetic","EFB NA",1,288,NA,NA,"QR NA NA NA EFB",0,0,0,0,1,1,NA,NA,NA,NA
"25","22-025","Shaw","3/8/22","MOT","21-001",1,2,6,"5-Vapor18",5,"3/10/22",NA,NA,0,287,0,0,"3/26/22","QS","Y","L4",7,"4/7/22","Y","QR","Capped",NA,"11","#VALUE!",11,"4/21/22","Y","QR",6.5,NA,NA,NA,NA,NA,NA,NA,NA,NA,NA,NA,NA,NA,NA,NA,NA,NA,NA,NA,NA,NA,NA,NA,NA,NA,NA,NA,"4/21/22",44,"EFB",NA,NA,NA,NA,NA,NA,NA,NA,NA,"OA Vapor","Organic","EFB NA",1,287,NA,NA,"QR NA NA NA EFB",0,0,0,0,1,1,NA,NA,NA,NA
"26","22-026","Shaw","3/8/22","MOT","20-69",24,5,1,"4-Dribble18",4,"3/10/22",9,5,14,261,8,0,"3/26/22","QNS","N",NA,NA,"4/7/22","Y","QR","Prepupa",11,"#VALUE!","19",19,"4/21/22","Y","QR",5.5,"5/5/22","Y","QR","8","5/19/22","Y","QR",4.5,"",32,311,3,0,1,106,"Normal",1,NA,NA,NA,NA,NA,NA,NA,NA,NA,NA,"5/24/22",77,"EFB","2022-05-24","QR","Observed",2,1,1.5,1.525,0,2.5,"OA Dribble","Organic","EFB Observed",1,269,314,NA,"QR QR QR QR EFB",0,0,0,0,1,1,106,48.124,NA,NA
"27","22-027","Shaw","3/8/22","MOT","20-69",24,5,1,"1-Control",1,"3/10/22",8,4,12,314,2,0,"3/26/22","QS","Y","L1",4,"4/7/22","Y","QR","Capped",NA,"14","#VALUE!",14,"4/21/22","Y","QR",5.5,"5/5/22","Y","QR","10","5/19/22","Y","QR",6,"",35,319,1,0,1,97.8,"Normal",1,"7/1/22",1,93.8,"QR",4,NA,135,388,0,0,"",NA,"","2022-05-24","QS",NA,2,1,1.9,1.65,0.05,2.4,"Control","Control"," NA",0,316,320,388,"QR QR QR QS ",0,0,0,0,1,0,97.8,44.4012,93.8,42.5852
"28","22-028","Shaw","3/8/22","MOT","20-69",24,5,1,"5-Vapor18",5,"3/10/22",NA,NA,8,282,9,0,"3/26/22","QNS","N",NA,NA,"4/7/22","N","QL",NA,NA,"#VALUE!","#VALUE!",NA,"4/21/22",NA,NA,NA,NA,NA,NA,NA,NA,NA,NA,NA,NA,NA,NA,NA,NA,NA,NA,NA,NA,NA,NA,NA,NA,NA,NA,NA,NA,NA,NA,"4/7/22",30,"Failed to mate",NA,NA,NA,NA,NA,NA,NA,NA,NA,"OA Vapor","Organic","Failed to mate NA",0,291,NA,NA,"NA NA NA NA Failed to mate",1,0,0,0,0,1,NA,NA,NA,NA
"29","22-029","Shaw","3/8/22","MOT","20-69",24,5,1,"7-HopGuard",7,"3/10/22",NA,NA,8,284,11,0,"3/26/22","VQS","N",NA,NA,"4/7/22","N","QL",NA,NA,"#VALUE!","#VALUE!",NA,"4/21/22",NA,NA,NA,NA,NA,NA,NA,NA,NA,NA,NA,NA,NA,NA,NA,NA,NA,NA,NA,NA,NA,NA,NA,NA,NA,NA,NA,NA,NA,NA,"4/7/22",30,"Failed to mate",NA,NA,NA,NA,NA,NA,NA,NA,NA,"HopGuard","Organic","Failed to mate NA",0,295,NA,NA,"NA NA NA NA Failed to mate",1,0,0,0,0,1,NA,NA,NA,NA
"30","22-030","Shaw","3/8/22","MOT","20-69",24,5,1,"6-ManyDribble",6,"3/10/22",NA,NA,3,270,17,0,"3/26/22","QR","Y","L5",8,"4/7/22","Y","QR","Capped",NA,"10","#VALUE!",10,"4/21/22","Y","QR",3.5,"5/5/22","Y","QR","6","5/19/22","Y","QR",3.5,"",2,349,2,0,1,93.8,"Normal",1,"7/1/22",1,94.6,"QS",5,NA,6,385,0,0,"",NA,"","2022-05-24","QS",NA,2,1,1.925,1.225,0,1.775,"5x OA Dribble","Organic"," NA",0,287,351,385,"QR QR QR QS ",0,0,0,0,1,0,93.8,42.5852,94.6,42.9484
"31","22-031","Shaw","3/8/22","MOT","21-026",4,2,4,"6-ManyDribble",6,"3/10/22",NA,NA,2,258,11,0,"3/26/22","QNS","N",NA,NA,"4/7/22","Y","QR","L5",8,"#VALUE!","22",22,"4/21/22","Y","QR",9.5,"5/5/22","Y","QR","14","5/19/22","Y","QS",18,"second super",2,298,15,0,2,188.8,"Normal",3,"7/1/22",3,254.6,"QR",18,NA,5,389,2,0,"",NA,"","2022-05-24","QS",NA,2,1,6.208,3.05,0.1875,12.446,"5x OA Dribble","Organic"," NA",0,269,313,391,"QR QR QS QS ",0,0,0,0,1,0,176.8,80.2672,230.6,104.6924
"32","22-032","Shaw","3/8/22","MOT","21-026",4,2,4,"3-Taktic",3,"3/10/22",NA,NA,1,251,14,0,"3/26/22","QNS","N",NA,NA,"4/7/22","Y","QS","L4",7,"#VALUE!","23",23,"4/21/22","Y","QR",4,"5/5/22","Y","QR","10.5","5/19/22","Y","QR",8,"",1,364,6,0,1,129.4,"Normal",2,"7/1/22",1,171,"QR",14,NA,4,416,3,0,"",NA,"","2022-05-24","QS",NA,2,1,3.8,3.025,0.075,5.625,"Amitraz EC","Synthetic"," NA",0,265,370,419,"QR QR QR QS ",0,0,0,0,1,0,129.4,58.7476,171,77.634
"33","22-033","Shaw","3/8/22","MOT","21-022",1,2,6,"7-HopGuard",7,"3/10/22",NA,NA,0,298,1,0,"3/26/22","QNS","N",NA,NA,"4/7/22","Y","QS","L5",8,"#VALUE!","22",22,"4/21/22","Y","QR",3,"5/5/22","Y","QR","7","5/19/22","Y","QR",5.5,"",0,365,3,0,1,114.6,"Normal",1,"7/1/22",1,143.8,"QR",13,NA,1,469,2,0,"",NA,"","2022-05-24","QR",NA,2,1,2.2625,2.0125,0,4.425,"HopGuard","Organic"," NA",0,299,368,471,"QR QR QR QR ",0,0,0,0,1,0,114.6,52.0284,143.8,65.2852
"34","22-034","Shaw","3/8/22","MOT","21-022",1,2,6,"6-ManyDribble",6,"3/10/22",NA,NA,2,291,5,0,"3/26/22","QR","Y","Eggs",2,"4/7/22","Y","QR","Capped",NA,"16","#VALUE!",16,"4/21/22","Y","QR",8.5,"5/5/22","Y","QR","14","5/19/22","Y","QR",16,"",2,344,19,0,1,157.6,"Normal",2,"7/1/22",2,191,"QR",15,NA,5,236,1,0,"",NA,"","2022-05-24","QS",NA,2,1,4.196,2.0375,0.125,10.554,"5x OA Dribble","Organic"," NA",0,296,363,237,"QR QR QR QS ",0,0,0,0,1,0,157.6,71.5504,179,81.266
"35","22-035","Shaw","3/8/22","MOT","20-71",4,2,4,"7-HopGuard",7,"3/10/22",NA,NA,8,281,2,0,"3/26/22","QS","Y","L4",7,"4/7/22","Y","QR","Capped",NA,"11","#VALUE!",11,"4/21/22","Y","QR",10.5,"5/5/22","Y","QR","12","5/19/22","N","QL",13,"",15,370,6,0,1,134.6,"Normal",1,NA,NA,NA,NA,NA,NA,NA,NA,NA,NA,"5/24/22",77,"VQS","2022-05-24","VS",NA,2,1,3.9,0.7375,0.0375,7.8375,"HopGuard","Organic","VQS NA",0,283,376,NA,"QR QR QL VS VQS",0,0,1,0,1,1,134.6,61.1084,NA,NA
"36","22-036","Shaw","3/8/22","MOT","20-71",4,2,4,"4-Dribble18",4,"3/10/22",NA,NA,5,289,5,0,"3/26/22","QR","Y","Eggs",2,"4/7/22","Y","QS","Capped",NA,"16","#VALUE!",16,"4/21/22","Y","QR",9,"5/5/22","Y","QS","12","5/19/22","Y","QR",5,"",23,304,13,0,1,133.4,"Normal",1,NA,NA,NA,NA,NA,NA,NA,NA,NA,NA,"5/24/22",77,"QL and decimated by ants","2022-05-24","QL",NA,2,1,1.7375,1.475,0.075,10.81,"OA Dribble","Organic","QL and decimated by ants NA",0,294,317,NA,"QR QS QR QL QL and decimated by ants",0,0,1,0,1,1,133.4,60.5636,NA,NA
"37","22-037","Shaw","3/8/22","S6","21-228",4,3,4,"5-Vapor18",5,"3/10/22",NA,NA,5,234,24,0,"3/26/22","QNS","N",NA,NA,"4/7/22","Y","QR","Prepupa",11,"#VALUE!","19",19,"4/21/22","Y","QR",7.5,"5/5/22","Y","QR","12","5/19/22","Y","QR",14,"",8,347,0,0,1,142.6,"Normal",1,"7/1/22",1,163,"QR",13,NA,4,287,2,0,"",NA,"","2022-05-24","QS",NA,2,1,3.95,2.0625,0,8.4,"OA Vapor","Organic"," NA",0,258,347,289,"QR QR QR QS ",0,0,0,0,1,0,142.6,64.7404,163,74.002
"38","22-038","Shaw","3/8/22","S6","21-228",4,3,4,"1-Control",1,"3/10/22",NA,NA,3,285,14,0,"3/26/22","QNS","N",NA,NA,"4/7/22","Y","QR","L2",5,"#VALUE!","25",25,"4/21/22","Y","DL",4,NA,NA,NA,NA,NA,NA,NA,NA,NA,NA,NA,NA,NA,NA,NA,NA,NA,NA,NA,NA,NA,NA,NA,NA,NA,NA,NA,"4/21/22",44,"DL",NA,NA,NA,NA,NA,NA,NA,NA,NA,"Control","Control","DL NA",0,299,NA,NA,"DL NA NA NA DL",1,0,0,0,0,1,NA,NA,NA,NA
"39","22-039","Shaw","3/8/22","S6","21-228",4,3,4,"2-Apivar",2,"3/10/22",NA,NA,2,272,16,0,"3/26/22","QNS","N",NA,NA,"4/7/22","Y","QR","L3",6,"#VALUE!","24",24,"4/21/22","Y","DL",4,NA,NA,NA,NA,NA,NA,NA,NA,NA,NA,NA,NA,NA,NA,NA,NA,NA,NA,NA,NA,NA,NA,NA,NA,NA,NA,NA,"4/21/22",44,"DL",NA,NA,NA,NA,NA,NA,NA,NA,NA,"Apivar","Synthetic","DL NA",0,288,NA,NA,"DL NA NA NA DL",1,0,0,0,0,1,NA,NA,NA,NA
"40","22-040","Shaw","3/8/22","S6","21-224",16,3,2,"2-Apivar",2,"3/10/22",10,10,20,274,4,0,"3/26/22","QR","Y","L4",7,"4/7/22","Y","QR","Capped",NA,"11","#VALUE!",11,"4/21/22","Y","QR",8,"5/5/22","Y","QR","11.5","5/19/22","Y","QR",12,"",19,388,6,0,1,134.6,"Normal",1,"7/1/22",1,146.4,"QR",10,NA,35,453,0,0,"",NA,"","2022-05-24","QS",NA,2,1,3.4,2.05,0,7.775,"Apivar","Synthetic"," NA",0,278,394,453,"QR QR QR QS ",0,0,0,0,1,0,134.6,61.1084,146.4,66.4656
"41","22-041","Shaw","3/8/22","S6","21-224",16,3,2,"5-Vapor18",5,"3/10/22",5,14,19,294,4,0,"3/26/22","QNS","N",NA,NA,"4/7/22","N","QNS",NA,NA,"#VALUE!","#VALUE!",NA,"4/21/22",NA,NA,NA,NA,NA,NA,NA,NA,NA,NA,NA,NA,NA,NA,NA,NA,NA,NA,NA,NA,NA,NA,NA,NA,NA,NA,NA,NA,NA,NA,"4/7/22",30,"Failed to mate",NA,NA,NA,NA,NA,NA,NA,NA,NA,"OA Vapor","Organic","Failed to mate NA",0,298,NA,NA,"NA NA NA NA Failed to mate",1,0,0,0,0,1,NA,NA,NA,NA
"42","22-042","Shaw","3/8/22","S6","21-224",16,3,2,"7-HopGuard",7,"3/10/22",NA,NA,24,282,1,0,"3/26/22","QS","Y","L1",4,"4/7/22","Y","QR","Capped",NA,"14","#VALUE!",14,"4/21/22","Y","QR",8.5,"5/5/22","Y","QR","12.5","5/19/22","Y","QR",16,"second super",2,276,9,0,2,163.8,"Normal",2,"7/1/22",2,203.4,"QR",16,NA,5,366,3,0,"",NA,"","2022-05-24","QR",NA,2,2,4.745,2.475,0.025,9.871,"HopGuard","Organic"," NA",0,283,285,369,"QR QR QR QR ",0,0,0,0,1,0,151.8,68.9172,191.4,86.8956
"43","22-043","Wire","3/15/22","S6","21-229",3,3,1,"6-ManyDribble",6,"3/17/22",4,0,4,277,19,0,"4/2/22","QS","Y","Eggs",2,"4/14/22","Y","QR","Capped",NA,"16","#VALUE!",16,"4/28/22","Y","QR",8.5,"5/12/22","Y","QR","14","5/26/22","Y","QR",12.5,"",4,353,8,0,1,129.2,"Four",3,"6/30/22",3,228.4,"QR",14,NA,5,340,7,0,"",NA,"","2022-05-31","QS",NA,2,1,6.003,3.025,0.125,7.154,"5x OA Dribble","Organic"," NA",0,296,361,347,"QR QR QR QS ",0,0,0,0,1,0,129.2,58.6568,204.4,92.7976
"44","22-044","Wire","3/15/22","S6","21-229",3,3,2,"4-Dribble18",4,"3/17/22",1,0,1,271,17,0,"4/2/22","VQS","N",NA,NA,"4/14/22","Y","QS","Eggs",2,"#VALUE!","28",28,"4/28/22","Y","QR",4,"5/12/22","Y","QR","5","5/26/22","Y","QR",8,"",1,407,0,0,1,97.2,"Normal",1,"6/30/22",1,150,"QR",11,NA,0,283,7,0,"",NA,"","2022-05-31","QR",NA,2,1,2.975,2.2625,0,2.8,"OA Dribble","Organic"," NA",0,288,407,290,"QR QR QR QR ",0,0,0,0,1,0,97.2,44.1288,150,68.1
"45","22-045","Wire","3/15/22","S6","21-229",3,3,2,"7-HopGuard",7,"3/17/22",4,0,4,299,2,0,"4/2/22","QNS","N",NA,NA,"4/14/22","Y","QR","Prepupa",11,"#VALUE!","19",19,"4/28/22","Y","QR",3,"5/12/22","Y","QR","6","5/26/22","Y","QS",5,"",1,290,0,0,1,95,"Normal",1,NA,NA,NA,NA,NA,NA,NA,NA,NA,NA,"5/31/22",77,"EFB","2022-05-31","QR",NA,2,1,1.55,0.825,0,3.65,"HopGuard","Organic","EFB NA",1,301,290,NA,"QR QR QS QR EFB",0,0,0,0,1,1,95,43.13,NA,NA
"46","22-046","Wire","3/15/22","S6","21-226",1,3,4,"1-Control",1,"3/17/22",NA,NA,0,322,2,0,"4/2/22","QS","Y","Eggs",2,"4/14/22","Y","QR","Capped",NA,"16","#VALUE!",16,"4/28/22","Y","QR",12,"5/12/22","Y","QR","18","5/26/22","Y","QR",17,"",6,283,15,0,1,145,"Normal",2,"6/30/22",2,183.4,"QNS",13,1,44,270,2,0,"",NA,"","2022-05-31","QS",NA,2,1,11.182,2.625,0.2625,9.216,"Control","Control"," NA",0,324,298,272,"QR QR QR QS ",0,0,0,0,1,0,145,65.83,171.4,77.8156
"47","22-047","Wire","3/15/22","S6","21-226",1,3,4,"7-HopGuard",7,"3/17/22",NA,NA,0,335,0,0,"4/2/22","VQS","N",NA,NA,"4/14/22","Y","QS","Prepupa",11,"#VALUE!","19",19,"4/28/22","Y","QR",6,"5/12/22","Y","QR","13","5/26/22","Y","QR",12,"",1,355,6,0,1,132.6,"Normal",1,"6/30/22",1,152.2,"QL",9,1,12,237,21,0,"",NA,"","2022-05-31","QS",NA,2,1,6.876,2.4,0.5125,6.66,"HopGuard","Organic"," NA",0,335,361,258,"QR QR QR QS ",0,0,0,0,1,0,132.6,60.2004,152.2,69.0988
"48","22-048","Wire","3/15/22","S6","21-226",1,3,4,"4-Dribble18",4,"3/17/22",NA,NA,0,317,1,0,"4/2/22","QS","Y","L1",4,"4/14/22","Y","QR","Capped",NA,"14","#VALUE!",14,"4/28/22","Y","QS",8,"5/12/22","Y","QR","17","5/26/22","Y","QR",17,"",0,340,3,0,1,143.2,"Normal",1,"6/30/22",1,169.8,"QNS",14,1,5,335,1,0,"",NA,"","2022-05-31","QR",NA,2,1,10.0842,2.825,0.125,7.548,"OA Dribble","Organic"," NA",0,318,343,336,"QS QR QR QR ",0,0,0,0,1,0,143.2,65.0128,169.8,77.0892
"49","22-049","Wire","3/15/22","S6","21-216",1,3,3,"7-HopGuard",7,"3/17/22",NA,NA,13,284,58,0,"4/2/22","VQS","N",NA,NA,"4/14/22","Y","QR","Prepupa",11,"#VALUE!","19",19,"4/28/22","Y","QR",3.5,"5/12/22","Y","QR","8","5/26/22","Y","QR",9,"",4,288,5,0,1,106.4,"Four",2,"6/30/22",2,175.6,"QR",18,NA,4,248,5,0,"",NA,"","2022-05-31","QR",NA,2,1,4.6935,2.475,0.1875,2.675,"HopGuard","Organic"," NA",0,342,293,253,"QR QR QR QR ",0,0,0,0,1,0,106.4,48.3056,163.6,74.2744
"50","22-050","Wire","3/15/22","S6","21-216",1,3,4,"2-Apivar",2,"3/17/22",NA,NA,3,304,24,0,"4/2/22","QNS","N",NA,NA,"4/14/22","Y","QS","L5",8,"#VALUE!","22",22,"4/28/22","Y","QS",2,NA,NA,NA,NA,NA,NA,NA,NA,NA,NA,NA,NA,NA,NA,NA,NA,NA,NA,NA,NA,NA,NA,NA,NA,NA,NA,NA,"4/28/22",44,"Weak",NA,NA,NA,NA,NA,NA,NA,NA,NA,"Apivar","Synthetic","Weak NA",0,328,NA,NA,"QS NA NA NA Weak",0,1,0,0,1,1,NA,NA,NA,NA
"51","22-051","Wire","3/15/22","S6","21-216",1,3,4,"3-Taktic",3,"3/17/22",NA,NA,2,225,11,0,"4/2/22","QNS","N",NA,NA,"4/14/22","Y","QS","L1",4,"#VALUE!","26",26,"4/28/22","Y","QS",3,NA,NA,NA,NA,NA,NA,NA,NA,NA,NA,NA,NA,NA,NA,NA,NA,NA,NA,NA,NA,NA,NA,NA,NA,NA,NA,NA,"4/28/22",44,"DL",NA,NA,NA,NA,NA,NA,NA,NA,NA,"Amitraz EC","Synthetic","DL NA",0,236,NA,NA,"QS NA NA NA DL",0,0,0,1,1,1,NA,NA,NA,NA
"52","22-052","Wire","3/15/22","S6","21-215",2,2,2,"3-Taktic",3,"3/17/22",NA,NA,3,338,28,0,"4/2/22","QNS","N",NA,NA,"4/14/22","Y","QR","Eggs",2,"#VALUE!","28",28,"4/28/22","N","DL",3,NA,NA,NA,NA,NA,NA,NA,NA,NA,NA,NA,NA,NA,NA,NA,NA,NA,NA,NA,NA,NA,NA,NA,NA,NA,NA,NA,"4/28/22",44,"DL",NA,NA,NA,NA,NA,NA,NA,NA,NA,"Amitraz EC","Synthetic","DL NA",0,366,NA,NA,"DL NA NA NA DL",1,0,0,0,0,1,NA,NA,NA,NA
"53","22-053","Wire","3/15/22","S6","21-215",2,2,2,"1-Control",1,"3/17/22",NA,NA,1,252,18,0,"4/2/22","QS","Y","Eggs",2,"4/14/22","Y","QR","Capped",NA,"16","#VALUE!",16,"4/28/22","Y","QR",10,"5/12/22","Y","QR","14","5/26/22","Y","QR",14,"",3,332,2,0,1,132.6,"Normal",1,"6/30/22",1,162.4,"QL",17,1,19,341,3,0,"",NA,"","2022-05-31","QR",NA,2,1,5.817,3.25,0.2125,5.931,"Control","Control"," NA",0,270,334,344,"QR QR QR QR ",0,0,0,0,1,0,132.6,60.2004,162.4,73.7296
"54","22-054","Wire","3/15/22","S6","21-211",0,4,5,"6-ManyDribble",6,"3/17/22",NA,NA,2,248,35,0,"4/2/22","QS","Y","L1",4,"4/14/22","Y","QR","Capped",NA,"14","#VALUE!",14,"4/28/22","Y","QR",6.5,"5/12/22","Y","QR","8","5/26/22","Y","QR",9.5,"",2,330,5,0,1,126,"Normal",1,"6/30/22",1,161.8,"QL",15,1,11,283,10,0,"",NA,"","2022-05-31","QR",NA,2,1,3.35,1.325,0.3625,7.325,"5x OA Dribble","Organic"," NA",0,283,335,293,"QR QR QR QR ",0,0,0,0,1,0,126,57.204,161.8,73.4572
"55","22-055","Wire","3/15/22","S6","21-211",0,4,5,"3-Taktic",3,"3/17/22",NA,NA,1,286,13,0,"4/2/22","QNS","N",NA,NA,"4/14/22","Y","QR","L2",5,"#VALUE!","25",25,"4/28/22","Y","DL",4,NA,NA,NA,NA,NA,NA,NA,NA,NA,NA,NA,NA,NA,NA,NA,NA,NA,NA,NA,NA,NA,NA,NA,NA,NA,NA,NA,"4/28/22",44,"DL",NA,NA,NA,NA,NA,NA,NA,NA,NA,"Amitraz EC","Synthetic","DL NA",0,299,NA,NA,"DL NA NA NA DL",1,0,0,0,0,1,NA,NA,NA,NA
"56","22-056","Wire","3/15/22","S6","21-211",0,4,5,"1-Control",1,"3/17/22",NA,NA,0,287,7,0,"4/2/22","QR","Y","L1",4,"4/14/22","Y","QR","Capped",NA,"14","#VALUE!",14,"4/28/22","Y","QR",12.5,"5/12/22","Y","QR","16","5/26/22","Y","QR",15,"",4,338,2,0,1,138.4,"Four",3,"6/30/22",3,240.2,"QR",18,NA,4,337,1,0,"",NA,"","2022-05-31","QR",NA,2,1,8.16,3.0625,0.0875,9.27,"Control","Control"," NA",0,294,340,338,"QR QR QR QR ",0,0,0,0,1,0,138.4,62.8336,216.2,98.1548
"57","22-057","Wire","3/15/22","S6","21-211",0,4,5,"2-Apivar",2,"3/17/22",NA,NA,0,297,15,0,"4/2/22","QR","Y","Eggs",2,"4/14/22","Y","QR","Capped",NA,"16","#VALUE!",16,"4/28/22","Y","QR",8,"5/12/22","Y","QR","16","5/26/22","Y","QR",16,"",2,359,3,0,1,134.8,"Normal",2,"6/30/22",2,159.8,"VQS",13,1,9,244,2,0,"",NA,"","2022-05-31","QR",NA,2,1,7.075,3.8625,0.375,6.025,"Apivar","Synthetic"," NA",0,312,362,246,"QR QR QR QR ",0,0,0,0,1,0,134.8,61.1992,147.8,67.1012
"58","22-058","Wire","3/15/22","S6","21-210",1,3,3,"4-Dribble18",4,"3/17/22",NA,NA,0,334,6,0,"4/2/22","VQS","N",NA,NA,"4/14/22","Y","QS","L5",8,"#VALUE!","22",22,"4/28/22","Y","QR",2,NA,NA,NA,NA,NA,NA,NA,NA,NA,NA,NA,NA,NA,NA,NA,NA,NA,NA,NA,NA,NA,NA,NA,NA,NA,NA,NA,"4/28/22",44,"Weak",NA,NA,NA,NA,NA,NA,NA,NA,NA,"OA Dribble","Organic","Weak NA",0,340,NA,NA,"QR NA NA NA Weak",0,1,0,0,1,1,NA,NA,NA,NA
"59","22-059","Wire","3/15/22","S6","21-210",1,3,3,"3-Taktic",3,"3/17/22",NA,NA,0,248,21,0,"4/2/22","QNS","N",NA,NA,"4/14/22","Y","QS","Prepupa",11,"#VALUE!","19",19,"4/28/22","Y","QR",12,"5/12/22","Y","QR","12","5/26/22","Y","QR",11,"",1,227,0,0,1,130.4,"Normal",2,"6/30/22",2,217.4,"QR",18,NA,3,349,5,0,"",NA,"","2022-05-31","QR",NA,2,1,5.448,2.4,0.2,7.037,"Amitraz EC","Synthetic"," NA",0,269,227,354,"QR QR QR QR ",0,0,0,0,1,0,130.4,59.2016,205.4,93.2516
"60","22-060","Wire","3/15/22","S6","21-210",1,3,3,"1-Control",1,"3/17/22",NA,NA,0,283,6,0,"4/2/22","QR","Y","L1",4,"4/14/22","Y","QS","Capped",NA,"14","#VALUE!",14,"4/28/22","Y","QR",9,"5/12/22","Y","QR","8","5/26/22","N","QNS",6,"",22,359,16,0,1,108.2,"Normal",1,"6/30/22",1,137.8,"QS",12,NA,5,260,0,0,"",NA,"","2022-05-31","QR",NA,2,1,2.51,0,0.025,5.3,"Control","Control"," NA",0,289,375,260,"QR QR QNS QR ",0,0,0,0,1,0,108.2,49.1228,137.8,62.5612
"61","22-061","Wire","3/15/22","S6","21-206",2,3,2,"2-Apivar",2,"3/17/22",NA,NA,3,254,26,0,"4/2/22","QR","Y","Eggs",2,"4/14/22","Y","QS","Capped",NA,"16","#VALUE!",16,"4/28/22","Y","QR",11,"5/12/22","Y","QR","16","5/26/22","Y","QR",13,"",2,293,14,0,1,158.4,"Normal",3,"6/30/22",3,258.8,"QR",20,NA,15,346,5,0,"",NA,"","2022-05-31","QS",NA,2,1,6.431,2.85,0.15,10.769,"Apivar","Synthetic"," NA",0,280,307,351,"QR QR QR QS ",0,0,0,0,1,0,158.4,71.9136,234.8,106.5992
"62","22-062","Wire","3/15/22","S6","21-206",2,3,2,"5-Vapor18",5,"3/17/22",NA,NA,3,382,4,0,"4/2/22","VQS","N",NA,NA,"4/14/22","Y","QR","Prepupa",11,"#VALUE!","19",19,"4/28/22","Y","QS",4,"5/12/22","Y","QR","7","5/26/22","Y","QR",6,"",0,382,0,0,1,103.4,"Normal",2,"6/30/22",2,197.2,"QS",16,NA,3,383,0,0,"",NA,"","2022-05-31","QS",NA,2,1,3.4,3.25,0,2.125,"OA Vapor","Organic"," NA",0,386,382,383,"QS QR QR QS ",0,0,0,0,1,0,103.4,46.9436,185.2,84.0808
"63","22-063","Wire","3/15/22","S6","21-206",2,3,2,"6-ManyDribble",6,"3/17/22",NA,NA,1,307,14,0,"4/2/22","QS","Y","Eggs",2,"4/14/22","Y","QR","Capped",NA,"16","#VALUE!",16,"4/28/22","Y","QR",13,"5/12/22","Y","QR","8","5/26/22","Y","QR",15,"",5,260,16,0,1,143.2,"Normal",2,"6/30/22",2,216.6,"QS",18,NA,10,319,19,0,"",NA,"","2022-05-31","QR",NA,2,1,7.275,2.2625,0.425,7.05,"5x OA Dribble","Organic"," NA",0,321,276,338,"QR QR QR QR ",0,0,0,0,1,0,143.2,65.0128,204.6,92.8884
"64","22-064","Wire","3/15/22","S6","21-203",0,3,5,"5-Vapor18",5,"3/17/22",NA,NA,0,323,8,0,"4/2/22","QNS","N",NA,NA,"4/14/22","Y","QR","L5",8,"#VALUE!","22",22,"4/28/22","Y","QR",2,"5/12/22","Y","QR","6","5/26/22","Y","QR",5.5,"",0,360,0,0,1,97.6,"Normal",1,"6/30/22",1,146.2,"QR",14,NA,2,377,4,0,"",NA,"","2022-05-31","QR",NA,2,1,4.275,2.5375,0.1,2.55,"OA Vapor","Organic"," NA",0,331,360,381,"QR QR QR QR ",0,0,0,0,1,0,97.6,44.3104,146.2,66.3748
"65","22-065","Wire","3/15/22","S6","21-203",0,3,5,"4-Dribble18",4,"3/17/22",NA,NA,2,287,10,0,"4/2/22","QNS","N",NA,NA,"4/14/22","Y","QR","L5",8,"#VALUE!","22",22,"4/28/22","Y","QS",4,"5/12/22","Y","QR","11","5/26/22","Y","QS",8,"",0,386,0,0,1,106.2,"Normal",2,"6/30/22",2,187.2,"QR",20,NA,0,239,5,0,"",NA,"","2022-05-31","QR",NA,2,1,4.675,3.625,0.1875,2.45,"OA Dribble","Organic"," NA",0,297,386,244,"QS QR QS QR ",0,0,0,0,1,0,106.2,48.2148,175.2,79.5408
"66","22-066","Wire","3/15/22","S6","21-203",0,3,5,"7-HopGuard",7,"3/17/22",NA,NA,1,285,19,0,"4/2/22","QNS","N",NA,NA,"4/14/22","N","QNS",NA,NA,"#VALUE!","#VALUE!",NA,"4/28/22",NA,NA,NA,NA,NA,NA,NA,NA,NA,NA,NA,NA,NA,NA,NA,NA,NA,NA,NA,NA,NA,NA,NA,NA,NA,NA,NA,NA,NA,NA,"4/14/22",30,"Failed to mate",NA,NA,NA,NA,NA,NA,NA,NA,NA,"HopGuard","Organic","Failed to mate NA",0,304,NA,NA,"NA NA NA NA Failed to mate",1,0,0,0,0,1,NA,NA,NA,NA
"67","22-067","Wire","3/15/22","S6","21-202",5,3,1,"3-Taktic",3,"3/17/22",2,1,3,251,5,0,"4/2/22","QNS","N",NA,NA,"4/14/22","Y","QR","L1",4,"#VALUE!","26",26,"4/28/22","Y","DL",3.5,NA,NA,NA,NA,NA,NA,NA,NA,NA,NA,NA,NA,NA,NA,NA,NA,NA,NA,NA,NA,NA,NA,NA,NA,NA,NA,NA,"4/28/22",44,"DL",NA,NA,NA,NA,NA,NA,NA,NA,NA,"Amitraz EC","Synthetic","DL NA",0,256,NA,NA,"DL NA NA NA DL",1,0,0,0,0,1,NA,NA,NA,NA
"68","22-068","Wire","3/15/22","S6","21-202",5,3,1,"4-Dribble18",4,"3/17/22",1,0,1,265,6,0,"4/2/22","VQS","N",NA,NA,"4/14/22","Y","QS","Prepupa",11,"#VALUE!","19",19,"4/28/22","Y","QR",6,"5/12/22","Y","QR","7","5/26/22","Y","QR",13,"",11,377,4,0,1,109.6,"Normal",1,"6/30/22",1,166.4,"QR",16,NA,11,386,4,0,"",NA,"","2022-05-31","QS",NA,2,1,3.45,2.9,0.2,3.6,"OA Dribble","Organic"," NA",0,271,381,390,"QR QR QR QS ",0,0,0,0,1,0,109.6,49.7584,166.4,75.5456
"69","22-069","Wire","3/15/22","S6","21-202",5,3,1,"1-Control",1,"3/17/22",0,0,0,274,0,0,"4/2/22","QNS","N",NA,NA,"4/14/22","Y","QR","Prepupa",11,"#VALUE!","19",19,"4/28/22","Y","QR",5,"5/12/22","Y","QR","6","5/26/22","Y","QR",11,"",0,338,1,0,1,106.4,"Normal",2,"6/30/22",2,180.2,"QR",17,NA,1,246,1,0,"",NA,"","2022-05-31","QS",NA,2,1,3.2,3.15,0.025,3.675,"Control","Control"," NA",0,274,339,247,"QR QR QR QS ",0,0,0,0,1,0,106.4,48.3056,168.2,76.3628
"70","22-070","Wire","3/15/22","S6","21-201",1,3,3,"5-Vapor18",5,"3/17/22",NA,NA,0,336,7,0,"4/2/22","QS","Y","L1",4,"4/14/22","Y","QR","Capped",NA,"14","#VALUE!",14,"4/28/22","Y","QR",13,"5/12/22","Y","QR","17","5/26/22","Y","QR",17,"",3,368,15,0,1,148.8,"Normal",3,"6/30/22",3,224.6,"QR",19,NA,14,286,19,0,"",NA,"","2022-05-31","QR",NA,2,1,6.826,2.2,0.4375,9.056,"OA Vapor","Organic"," NA",0,343,383,305,"QR QR QR QR ",0,0,0,0,1,0,148.8,67.5552,200.6,91.0724
"71","22-071","Wire","3/15/22","S6","21-201",1,3,3,"2-Apivar",2,"3/17/22",NA,NA,1,283,14,0,"4/2/22","QS","Y","L1",4,"4/14/22","Y","QR","Capped",NA,"14","#VALUE!",14,"4/28/22","Y","QR",12,"5/12/22","Y","QR","17","5/26/22","Y","QR",17,"",9,347,6,0,1,156,"Normal",3,"6/30/22",3,247.8,"QR",20,NA,12,285,9,0,"",NA,"","2022-05-31","QS",NA,2,1,6.658,2.4,0.2,10.323,"Apivar","Synthetic"," NA",0,297,353,294,"QR QR QR QS ",0,0,0,0,1,0,156,70.824,223.8,101.6052
"72","22-072","Wire","3/15/22","S6","21-201",1,3,3,"6-ManyDribble",6,"3/17/22",NA,NA,0,296,11,0,"4/2/22","QS","Y","Eggs",2,"4/14/22","Y","QR","Prepupa",11,"16","19",17.5,"4/28/22","Y","QR",7,"5/12/22","Y","QR","13","5/26/22","Y","QR",10,"",2,310,1,0,1,122.2,"Normal",2,"6/30/22",2,200.6,"QR",18,NA,5,238,12,0,"",NA,"","2022-05-31","QS",NA,2,1,4.75,2.525,0.0625,4.975,"5x OA Dribble","Organic"," NA",0,307,311,250,"QR QR QR QS ",0,0,0,0,1,0,122.2,55.4788,188.6,85.6244
"73","22-073","Wire","3/15/22","S6","20-7",4,3,1,"5-Vapor18",5,"3/17/22",3,1,4,282,6,0,"4/2/22","QNS","N",NA,NA,"4/14/22","N","QNS",NA,NA,"#VALUE!","#VALUE!",NA,"4/28/22",NA,NA,NA,NA,NA,NA,NA,NA,NA,NA,NA,NA,NA,NA,NA,NA,NA,NA,NA,NA,NA,NA,NA,NA,NA,NA,NA,NA,NA,NA,"4/14/22",30,"Failed to mate",NA,NA,NA,NA,NA,NA,NA,NA,NA,"OA Vapor","Organic","Failed to mate NA",0,288,NA,NA,"NA NA NA NA Failed to mate",1,0,0,0,0,1,NA,NA,NA,NA
"74","22-074","Wire","3/15/22","S6","20-7",4,3,1,"7-HopGuard",7,"3/17/22",3,2,5,279,8,0,"4/2/22","QS","Y","L2",5,"4/14/22","Y","QR","Capped",NA,"13","#VALUE!",13,"4/28/22","Y","QS",11,"5/12/22","Y","QR","16","5/26/22","Y","QR",13,"",1,310,4,0,1,130.6,"Normal",2,"6/30/22",2,191.4,"QL",18,1,42,282,40,0,"",NA,"","2022-05-31","QR",NA,NA,NA,6.193,2.775,0.425,4.764,"HopGuard","Organic"," NA",0,287,314,322,"QS QR QR QR ",0,0,0,0,1,0,130.6,59.2924,179.4,81.4476
"75","22-075","Wire","3/15/22","S6","20-7",4,3,1,"2-Apivar",2,"3/17/22",2,0,2,269,5,0,"4/2/22","QS","Y","L2",5,"4/14/22","Y","QR","Capped",NA,"13","#VALUE!",13,"4/28/22","Y","QR",12,"5/12/22","Y","QR","15","5/26/22","Y","QR",13,"",4,362,3,0,1,141.8,"Normal",1,"6/30/22",1,166.8,"QS",13,NA,27,320,3,0,"",NA,"","2022-05-31","QR",NA,2,1,7.927,2.4875,0.275,7.5705,"Apivar","Synthetic"," NA",0,274,365,323,"QR QR QR QR ",0,0,0,0,1,0,141.8,64.3772,166.8,75.7272
"76","22-076","Wire","3/15/22","S6","21-237",1,2,4,"5-Vapor18",5,"3/17/22",NA,NA,1,309,3,0,"4/2/22","VQS","N",NA,NA,"4/14/22","Y","QR","Eggs",2,"#VALUE!","28",28,"4/28/22","Y","QS",2,"5/12/22","Y","QR","2","5/26/22","Y","QR",4,"",0,324,2,0,1,87.8,"Normal",1,"6/30/22",1,99.2,"QS",8,NA,0,309,1,0,"",NA,"","2022-05-31","QR",NA,2,1,1.025,0.925,0.0125,1.65,"OA Vapor","Organic"," NA",0,312,326,310,"QS QR QR QR ",0,0,0,0,1,0,87.8,39.8612,99.2,45.0368
"77","22-077","Wire","3/15/22","S6","21-237",1,2,4,"6-ManyDribble",6,"3/17/22",NA,NA,0,369,5,0,"4/2/22","VQS","N",NA,NA,"4/14/22","Y","QS","Eggs",2,"#VALUE!","28",28,"4/28/22","Y","QS",2.5,"5/12/22","Y","QR","3.5","5/26/22","Y","QR",5.5,"",0,417,0,0,1,92.2,"Normal",1,"6/30/22",1,142.8,"QR",11,NA,0,281,1,0,"",NA,"","2022-05-31","QR",NA,2,1,2.075,2.175,0,0.8,"5x OA Dribble","Organic"," NA",0,374,417,282,"QS QR QR QR ",0,0,0,0,1,0,92.2,41.8588,142.8,64.8312
"78","22-078","Shooting Range","3/22/22","Bee Lab","21-243",9,3,2,"5-Vapor18",5,"3/24/22",2,6,8,287,2,0,"4/9/22","QNS","N",NA,NA,"4/21/22","Y","QR","Prepupa",11,"#VALUE!","19",19,"5/5/22","Y","QR",10,"5/19/22","Y","QR","12","6/2/22","Y","QR",14,"",11,NA,NA,NA,1,129.4,"Normal",2,"6/30/22",2,171.2,"QR",17,NA,14,310,9,0,"",NA,"","2022-06-07","QR",NA,NA,NA,5.125,2.5625,0.0375,5.85,"OA Vapor","Organic"," NA",0,289,362,319,"QR QR QR QR ",0,0,0,0,1,0,129.4,58.7476,159.2,72.2768
"79","22-079","Shooting Range","3/22/22","Bee Lab","21-243",9,3,2,"1-Control",1,"3/24/22",1,4,5,308,1,0,"4/9/22","QS","Y","eggs",2,"4/21/22","Y","QR","Capped",NA,"16","#VALUE!",16,"5/5/22","Y","QR",11.5,"5/19/22","Y","QR","14","6/2/22","Y","QR",16,"",60,453,5,0,1,136.4,"Normal",2,"6/30/22",2,166.4,"QR",15,NA,39,307,2,0,"",NA,"","2022-06-07","QR",NA,NA,NA,6.038,2.6875,0.2375,6.235,"Control","Control"," NA",0,309,458,309,"QR QR QR QR ",0,0,0,0,1,0,136.4,61.9256,154.4,70.0976
"80","22-080","Shooting Range","3/22/22","Bee Lab","21-243",9,3,3,"2-Apivar",2,"3/24/22",5,4,9,331,18,0,"4/9/22","VQS","N",NA,NA,"4/21/22","Y","QR","L3",6,"#VALUE!","24",24,"5/5/22","Y","QR",8,"5/19/22","Y","QR","5.5","6/2/22","Y","QR",8,"",2,340,1,0,1,104.2,"Normal",1,"6/30/22",1,111.4,"QS",12,NA,2,362,2,0,"",NA,"","2022-06-07","QS",NA,NA,NA,2.475,1.925,0.0375,3,"Apivar","Synthetic"," NA",0,349,341,364,"QR QR QR QS ",0,0,0,0,1,0,104.2,47.3068,111.4,50.5756
"81","22-081","Shooting Range","3/22/22","Bee Lab","1004",24,3,1,"7-HopGuard",7,"3/24/22",16,6,22,340,19,0,"4/9/22","QR","Y","L3",6,"4/21/22","Y","QR","Capped",NA,"12","#VALUE!",12,"5/5/22","Y","QR",6.5,"5/19/22","Y","QR","6","6/2/22","Y","QR",8,"",3,442,0,0,1,100,"Normal",2,NA,NA,NA,NA,NA,NA,NA,NA,NA,NA,"6/7/22",77,"d72 EFB","2022-06-07","QR",NA,NA,NA,2.2,1.675,0,3.075,"HopGuard","Organic","d72 EFB NA",1,359,442,NA,"QR QR QR QR d72 EFB",0,0,0,0,1,1,100,45.4,NA,NA
"82","22-082","Shooting Range","3/22/22","Bee Lab","1004",24,3,2,"3-Taktic",3,"3/24/22",12,3,15,319,24,0,"4/9/22","QS","Y","L2",5,"4/21/22","Y","QR","Capped",NA,"13","#VALUE!",13,"5/5/22","Y","QR",8,"5/19/22","Y","QR","6",NA,NA,NA,NA,NA,NA,NA,NA,NA,NA,NA,"Normal",NA,NA,NA,NA,NA,NA,NA,NA,NA,NA,NA,"5/19/22",58,"EFB",NA,NA,NA,NA,NA,NA,NA,NA,NA,"Amitraz EC","Synthetic","EFB NA",1,343,NA,NA,"QR QR NA NA EFB",0,0,0,0,1,1,NA,NA,NA,NA
"83","22-083","Shooting Range","3/22/22","Bee Lab","1004",24,3,2,"6-ManyDribble",6,"3/24/22",6,4,10,284,32,0,"4/9/22","QS","Y","eggs",2,"4/21/22","Y","QR","Capped",NA,"16","#VALUE!",16,"5/5/22","Y","QNS",6,"5/19/22","Y","DL","3.5",NA,NA,NA,NA,NA,NA,NA,NA,NA,NA,NA,"Normal",NA,NA,NA,NA,NA,NA,NA,NA,NA,NA,NA,"5/19/22",58,"DL",NA,NA,NA,NA,NA,NA,NA,NA,NA,"5x OA Dribble","Organic","DL NA",0,316,NA,NA,"QNS DL NA NA DL",0,0,0,1,1,1,NA,NA,NA,NA
"84","22-084","Shooting Range","3/22/22","Bee Lab","21-081",38,3,1,"3-Taktic",3,"3/24/22",14,6,20,276,33,0,"4/9/22","QNS","N",NA,NA,"4/21/22","Y","QR","L3",6,"#VALUE!","24",24,"5/5/22","Y","QR",4,"5/19/22","Y","QR","4","6/2/22","Y","QR",5,"",0,449,0,0,1,94.6,"Normal",1,"6/30/22",1,112.2,"QR",11,NA,3,363,2,0,"",NA,"","2022-06-07","QS",NA,NA,NA,2.675,1.9,0,1.6,"Amitraz EC","Synthetic"," NA",0,309,449,365,"QR QR QR QS ",0,0,0,0,1,0,94.6,42.9484,112.2,50.9388
"85","22-085","Shooting Range","3/22/22","Bee Lab","21-081",38,3,1,"5-Vapor18",5,"3/24/22",16,6,22,299,5,0,"4/9/22","QNS","N",NA,NA,"4/21/22","Y","QR","Prepupa",11,"#VALUE!","19",19,"5/5/22","Y","QR",7.5,"5/19/22","Y","QR","5","6/2/22","Y","QR",6,"",27,512,4,0,1,109.4,"Normal",1,"6/30/22",1,120.6,"QR",13,NA,37,428,0,0,"",NA,"","2022-06-07","QS",NA,NA,NA,2.775,2.675,0.15,2.575,"OA Vapor","Organic"," NA",0,304,516,428,"QR QR QR QS ",0,0,0,0,1,0,109.4,49.6676,120.6,54.7524
"86","22-086","Shooting Range","3/22/22","Bee Lab","21-081",38,3,1,"4-Dribble18",4,"3/24/22",25,6,31,262,30,0,"4/9/22","QS","Y","L3",6,"4/21/22","Y","QR","Capped",NA,"12","#VALUE!",12,"5/5/22","Y","QR",10,"5/19/22","Y","QR","9","6/2/22","Y","QR",9.5,"",24,393,0,0,1,130.2,"Normal",1,"6/30/22",1,145.6,"QR",12,NA,21,413,0,0,"",NA,"","2022-06-07","QS",NA,NA,NA,3.225,2.5375,0.1625,6.45,"OA Dribble","Organic"," NA",0,292,393,413,"QR QR QR QS ",0,0,0,0,1,0,130.2,59.1108,145.6,66.1024
"87","22-087","Shooting Range","3/22/22","Bee Lab","21-084",36,3,1,"1-Control",1,"3/24/22",20,12,32,281,24,0,"4/9/22","QNS","N",NA,NA,"4/21/22","Y","QR","Prepupa",11,"#VALUE!","19",19,"5/5/22","Y","QR",8,"5/19/22","Y","QR","7","6/2/22","Y","QR",10.5,"",8,358,0,0,1,113.8,"Normal",1,"6/30/22",1,136.8,"QR",15,NA,11,313,2,0,"",NA,"","2022-06-07","QR",NA,NA,NA,3.425,2.275,0.15,3.725,"Control","Control"," NA",0,305,358,315,"QR QR QR QR ",0,0,0,0,1,0,113.8,51.6652,136.8,62.1072
"88","22-088","Shooting Range","3/22/22","Bee Lab","21-084",36,3,1,"6-ManyDribble",6,"3/24/22",14,6,20,258,5,0,"4/9/22","QNS","N",NA,NA,"4/21/22","N","QNS",NA,NA,"#VALUE!","#VALUE!",NA,"5/5/22",NA,NA,NA,NA,NA,NA,NA,NA,NA,NA,NA,NA,NA,NA,NA,NA,NA,NA,"Normal",NA,NA,NA,NA,NA,NA,NA,NA,NA,NA,NA,"4/21/22",30,"Failed to mate",NA,NA,NA,NA,NA,NA,NA,NA,NA,"5x OA Dribble","Organic","Failed to mate NA",0,263,NA,NA,"NA NA NA NA Failed to mate",1,0,0,0,0,1,NA,NA,NA,NA
"89","22-089","Shooting Range","3/22/22","Bee Lab","21-084",36,3,1,"2-Apivar",2,"3/24/22",7,6,13,334,13,0,"4/9/22","QR","Y","eggs",2,"4/21/22","Y","QR","Capped",NA,"16","#VALUE!",16,"5/5/22","Y","QR",8,"5/19/22","Y","QR","7","6/2/22","Y","QR",6,"",5,406,0,0,1,122.6,"Normal",1,NA,NA,NA,NA,NA,NA,NA,NA,NA,NA,"6/7/22",77,"EFB","2022-06-07","QS","Observed",NA,NA,2.735,1.2925,0,6.85,"Apivar","Synthetic","EFB Observed",1,347,406,NA,"QR QR QR QS EFB",0,0,0,0,1,1,122.6,55.6604,NA,NA
"90","22-090","Shooting Range","3/22/22","Bee Lab","2dog",5,2,4,"7-HopGuard",7,"3/24/22",5,3,8,322,1,0,"4/9/22","VQS","N",NA,NA,"4/21/22","Y","LW","Eggs",2,"#VALUE!","28",28,"5/5/22",NA,NA,NA,NA,NA,NA,NA,NA,NA,NA,NA,NA,NA,NA,NA,NA,NA,NA,"Normal",NA,NA,NA,NA,NA,NA,NA,NA,NA,NA,NA,"4/21/22",30,"Failed to mate",NA,NA,NA,NA,NA,NA,NA,NA,NA,"HopGuard","Organic","Failed to mate NA",0,323,NA,NA,"NA NA NA NA Failed to mate",1,0,0,0,0,1,NA,NA,NA,NA
"91","22-091","Shooting Range","3/22/22","Bee Lab","2dog",5,2,4,"5-Vapor18",5,"3/24/22",7,4,11,315,1,0,"4/9/22","QR","Y","L1",4,"4/21/22","Y","QR","Capped",NA,"14","#VALUE!",14,"5/5/22","Y","QR",9,"5/19/22","Y","QR","11","6/2/22","Y","QR",12.5,"",14,406,1,0,1,145.2,"Normal",1,"6/30/22",1,165.8,"QR",13,NA,28,363,0,0,"",NA,"","2022-06-07","QS",NA,2,1,4.3,2.4,0.0875,7.8,"OA Vapor","Organic"," NA",0,316,407,363,"QR QR QR QS ",0,0,0,0,1,0,145.2,65.9208,165.8,75.2732
"92","22-092","Shooting Range","3/22/22","Bee Lab","Last",7,3,3,"4-Dribble18",4,"3/24/22",2,2,4,368,3,0,"4/9/22","QNS","N",NA,NA,"4/21/22","Y","QS","L5",8,"#VALUE!","22",22,"5/5/22","Y","QR",5,"5/19/22","Y","QR","5","6/2/22","Y","QR",6,"",15,400,0,0,1,96.4,"Four",1,"6/30/22",1,105,"QR",11,NA,10,342,1,0,"",NA,"","2022-06-07","QS",NA,2,1,2.475,2.175,0.025,1.9,"OA Dribble","Organic"," NA",0,371,400,343,"QR QR QR QS ",0,0,0,0,1,0,96.4,43.7656,105,47.67
"93","22-093","Shooting Range","3/22/22","Bee Lab","Last",7,3,3,"5-Vapor18",5,"3/24/22",8,7,15,330,25,0,"4/9/22","QR","Y","L2",5,"4/21/22","Y","QR","Capped",NA,"13","#VALUE!",13,"5/5/22","Y","QR",10,"5/19/22","Y","QR","5.5","6/2/22","Y","QR",7,"",25,353,0,0,1,117,"Four",1,NA,NA,NA,NA,NA,NA,NA,NA,NA,NA,"6/7/22",77,"d72 EFB","2022-06-07","QR","Observed",NA,NA,2.425,1.3875,0.175,5.075,"OA Vapor","Organic","d72 EFB Observed",1,355,353,NA,"QR QR QR QR d72 EFB",0,0,0,0,1,1,117,53.118,NA,NA
"94","22-094","Shooting Range","3/22/22","Bee Lab","Last",7,3,3,"6-ManyDribble",6,"3/24/22",3,4,7,272,13,0,"4/9/22","QR","Y","L1",4,"4/21/22","Y","QR","Capped",NA,"14","#VALUE!",14,"5/5/22","Y","QR",8,"5/19/22","Y","QR","6","6/2/22","Y","QR",7.5,"",9,331,9,0,1,112.2,"Normal",1,"6/30/22",1,115.2,"QR",10,NA,24,362,19,0,"",NA,"","2022-06-07","QR",NA,2,1,2.025,1.825,0.075,2.625,"5x OA Dribble","Organic"," NA",0,285,340,381,"QR QR QR QR ",0,0,0,0,1,0,112.2,50.9388,115.2,52.3008
"95","22-095","Shooting Range","3/22/22","Bee Lab","21-088",2,2,5,"6-ManyDribble",6,"3/24/22",NA,NA,1,377,4,0,"4/9/22","QNS","N",NA,NA,"4/21/22","Y","QR","L3",6,"#VALUE!","24",24,"5/5/22","Y","QR",7,"5/19/22","Y","QR","4.5","6/2/22","Y","QR",6,"",0,345,0,0,1,98.2,"Normal",1,"6/30/22",1,113.8,"QR",8,NA,0,386,1,0,"",NA,"","2022-06-07","QR",NA,2,1,2.45,1.6,0.1,3.025,"5x OA Dribble","Organic"," NA",0,381,345,387,"QR QR QR QR ",0,0,0,0,1,0,98.2,44.5828,113.8,51.6652
"96","22-096","Shooting Range","3/22/22","Bee Lab","21-088",2,2,5,"5-Vapor18",5,"3/24/22",NA,NA,1,384,1,0,"4/9/22","QR","Y","eggs",2,"4/21/22","Y","QR","Capped",NA,"16","#VALUE!",16,"5/5/22","Y","QR",12,"5/19/22","Y","QR","13","6/2/22","Y","QR",17,"",5,376,2,0,1,145.4,"Four",2,"6/30/22",2,190.2,"QR",16,NA,5,279,8,0,"",NA,"","2022-06-07","QS",NA,2,1,5.128,2.925,0.3,9.762,"OA Vapor","Organic"," NA",0,385,378,287,"QR QR QR QS ",0,0,0,0,1,0,145.4,66.0116,178.2,80.9028
"97","22-097","Shooting Range","3/22/22","Kiwi","21-072",1,3,6,"3-Taktic",3,"3/24/22",NA,NA,0,361,11,0,"4/9/22","QNS","N",NA,NA,"4/21/22","Y","QR","L5",8,"#VALUE!","22",22,"5/5/22","Y","QR",7,"5/19/22","Y","QR","7","6/2/22","Y","QR",9,"",0,393,0,0,1,114.4,"Normal",1,"6/30/22",1,146,"QR",10,NA,2,416,4,0,"",NA,"","2022-06-07","QR",NA,NA,NA,3.725,3.2625,0.175,4.95,"Amitraz EC","Synthetic"," NA",0,372,393,420,"QR QR QR QR ",0,0,0,0,1,0,114.4,51.9376,146,66.284
"98","22-098","Shooting Range","3/22/22","Kiwi","21-072",1,3,6,"6-ManyDribble",6,"3/24/22",NA,NA,1,306,1,0,"4/9/22","QS","Y","L3",6,"4/21/22","Y","QR","Capped",NA,"12","#VALUE!",12,"5/5/22","Y","QR",11,"5/19/22","Y","QR","12","6/2/22","Y","QS",17,"",0,430,3,0,1,148.2,"Four",2,"6/30/22",2,189.6,"QR",14,NA,5,344,4,0,"",NA,"","2022-06-07","QS",NA,NA,NA,7.505,3.55,0.225,7,"5x OA Dribble","Organic"," NA",0,307,433,348,"QR QR QS QS ",0,0,0,0,1,0,148.2,67.2828,177.6,80.6304
"99","22-099","Shooting Range","3/22/22","Kiwi","21-072",1,3,6,"4-Dribble18",4,"3/24/22",NA,NA,1,266,27,0,"4/9/22","QS","Y","L2",5,"4/21/22","Y","QR","Capped",NA,"13","#VALUE!",13,"5/5/22","Y","QR",10,"5/19/22","Y","QR","12","6/2/22","Y","QR",15,"",0,399,2,0,1,136.2,"Normal",2,"6/30/22",2,177.4,"QR",16,NA,8,332,18,0,"",NA,"","2022-06-07","QS",NA,NA,NA,7.525,3.1125,0.1875,6.9,"OA Dribble","Organic"," NA",0,293,401,350,"QR QR QR QS ",0,0,0,0,1,0,136.2,61.8348,165.4,75.0916
"100","22-100","Shooting Range","3/22/22","Kiwi","21-063",1,3,5,"3-Taktic",3,"3/24/22",NA,NA,2,235,40,0,"4/9/22","QNS","N",NA,NA,"4/21/22","Y","QR","Prepupa",11,"#VALUE!","19",19,"5/5/22","Y","QR",9,"5/19/22","Y","QR","8","6/2/22","Y","QR",6,"",1,361,0,0,1,111.8,"Normal",1,"6/30/22",1,124.4,"QR",7,NA,1,354,0,0,"",NA,"","2022-06-07","QR",NA,NA,NA,2.075,1.825,0.0375,5.7,"Amitraz EC","Synthetic"," NA",0,275,361,354,"QR QR QR QR ",0,0,0,0,1,0,111.8,50.7572,124.4,56.4776
"101","22-101","Shooting Range","3/22/22","Kiwi","21-063",1,3,6,"2-Apivar",2,"3/24/22",NA,NA,0,339,19,0,"4/9/22","QR","Y","L2",5,"4/21/22","Y","QR","Capped",NA,"13","#VALUE!",13,"5/5/22","Y","QR",11,"5/19/22","Y","QR","8","6/2/22","Y","QR",10,"",0,417,0,0,1,128,"Normal",1,"6/30/22",1,155.4,"QR",11,NA,0,402,3,0,"",NA,"","2022-06-07","QS",NA,NA,NA,3.3,1.825,0.175,5.3625,"Apivar","Synthetic"," NA",0,358,417,405,"QR QR QR QS ",0,0,0,0,1,0,128,58.112,155.4,70.5516
"102","22-102","Shooting Range","3/22/22","Kiwi","21-063",1,3,6,"1-Control",1,"3/24/22",NA,NA,0,308,51,0,"4/9/22","QR","Y","L2",5,"4/21/22","Y","QR","Capped",NA,"13","#VALUE!",13,"5/5/22","Y","QR",12,"5/19/22","Y","QR","12",NA,NA,NA,NA,NA,NA,NA,NA,NA,NA,NA,NA,NA,NA,NA,NA,NA,NA,NA,NA,NA,NA,NA,"5/19/22",58,"EFB",NA,NA,NA,NA,NA,NA,NA,NA,NA,"Control","Control","EFB NA",1,359,NA,NA,"QR QR NA NA EFB",0,0,0,0,1,1,NA,NA,NA,NA
"103","22-103","Shooting Range","3/22/22","Kiwi","21-066",2,3,4,"4-Dribble18",4,"3/24/22",NA,NA,2,297,23,0,"4/9/22","QNS","N",NA,NA,"4/21/22","Y","QR","Prepupa",11,"#VALUE!","19",19,"5/5/22","Y","QR",12,"5/19/22","Y","QR","14","6/2/22","Y","QR",17,"",3,385,2,0,1,146.8,"Four",2,"6/30/22",2,186.5,"QR",18,NA,12,306,24,0,"",NA,"","2022-06-07","QR",NA,NA,NA,6.518,2.325,0.25,10.4445,"OA Dribble","Organic"," NA",0,320,387,330,"QR QR QR QR ",0,0,0,0,1,0,146.8,66.6472,174.5,79.223
"104","22-104","Shooting Range","3/22/22","Kiwi","21-066",2,3,4,"2-Apivar",2,"3/24/22",NA,NA,0,375,7,0,"4/9/22","QNS","N",NA,NA,"4/21/22","Y","QR","L4",7,"#VALUE!","23",23,"5/5/22","Y","QR",7,"5/19/22","Y","QR","6","6/2/22","Y","QR",8,"",0,448,0,0,1,101.6,"Four",1,"6/30/22",1,121,"QR",14,NA,0,370,6,0,"",NA,"","2022-06-07","QR",NA,NA,NA,2.7875,1.975,0.15,3.1125,"Apivar","Synthetic"," NA",0,382,448,376,"QR QR QR QR ",0,0,0,0,1,0,101.6,46.1264,121,54.934
"105","22-105","Shooting Range","3/22/22","Kiwi","21-066",2,3,4,"1-Control",1,"3/24/22",NA,NA,NA,NA,NA,NA,"4/9/22","QNS","N",NA,NA,"4/21/22","N","QNS",NA,NA,"#VALUE!","#VALUE!",NA,"5/5/22",NA,NA,NA,NA,NA,NA,NA,NA,NA,NA,NA,NA,NA,NA,NA,NA,NA,NA,NA,NA,NA,NA,NA,NA,NA,NA,NA,NA,NA,NA,"4/21/22",30,"Failed to mate",NA,NA,NA,NA,NA,NA,NA,NA,NA,"Control","Control","Failed to mate NA",0,NA,NA,NA,"NA NA NA NA Failed to mate",1,0,0,0,0,1,NA,NA,NA,NA
"106","22-106","Shooting Range","3/22/22","Kiwi","21-191",1,3,7,"2-Apivar",2,"3/24/22",NA,NA,1,265,13,0,"4/9/22","VQS","N",NA,NA,"4/21/22","Y","QS","Eggs",2,"#VALUE!","28",28,"5/5/22","Y","QS",7,"5/19/22","Y","DL","3.5",NA,NA,NA,NA,NA,NA,NA,NA,NA,NA,NA,NA,NA,NA,NA,NA,NA,NA,NA,NA,NA,NA,NA,"5/19/22",58,"DL",NA,NA,NA,NA,NA,NA,NA,NA,NA,"Apivar","Synthetic","DL NA",0,278,NA,NA,"QS DL NA NA DL",0,0,0,1,1,1,NA,NA,NA,NA
"107","22-107","Shooting Range","3/22/22","Kiwi","21-191",1,3,7,"7-HopGuard",7,"3/24/22",NA,NA,0,320,14,0,"4/9/22","QNS","N",NA,NA,"4/21/22","Y","QNS","Eggs",2,"#VALUE!","28",28,"5/5/22","Y","QR",6,"5/19/22","Y","DL","2",NA,NA,NA,NA,NA,NA,NA,NA,NA,NA,NA,NA,NA,NA,NA,NA,NA,NA,NA,NA,NA,NA,NA,"5/19/22",58,"DL",NA,NA,NA,NA,NA,NA,NA,NA,NA,"HopGuard","Organic","DL NA",0,334,NA,NA,"QR DL NA NA DL",0,0,0,1,1,1,NA,NA,NA,NA
"108","22-108","Shooting Range","3/22/22","Kiwi","21-191",1,3,8,"3-Taktic",3,"3/24/22",NA,NA,0,309,6,0,"4/9/22","QS","Y","L1",4,"4/21/22","Y","QR","Capped",NA,"14","#VALUE!",14,"5/5/22","Y","QR",11,"5/19/22","Y","QR","11","6/2/22","Y","QR",12,"",2,NA,NA,NA,1,135.6,"Normal",1,"6/30/22",1,153.6,"QR",11,NA,5,346,25,0,"",NA,"","2022-06-07","QS",NA,2,1,4.75,2.075,0.225,8.8,"Amitraz EC","Synthetic"," NA",0,315,362,371,"QR QR QR QS ",0,0,0,0,1,0,135.6,61.5624,153.6,69.7344
"109","22-109","Shooting Range","3/22/22","Kiwi","21-076",2,3,4,"3-Taktic",3,"3/24/22",NA,NA,1,272,22,0,"4/9/22","QS","Y","L3",6,"4/21/22","Y","QR","Capped",NA,"12","#VALUE!",12,"5/5/22","Y","QR",9,"5/19/22","Y","QR","9","6/2/22","Y","QNS",7,"",5,413,3,0,1,101.6,"Four",1,NA,NA,NA,NA,NA,NA,NA,NA,NA,NA,"6/7/22",77,"5/19 EFB mild","2022-06-07","QR","Observed",NA,NA,3.475,1.25,0,3.65,"Amitraz EC","Synthetic","5/19 EFB mild Observed",1,294,416,NA,"QR QR QNS QR 5/19 EFB mild",0,0,0,0,1,1,101.6,46.1264,NA,NA
"110","22-110","Shooting Range","3/22/22","Kiwi","21-076",2,3,5,"1-Control",1,"3/24/22",NA,NA,0,258,23,0,"4/9/22","QR","Y","L1",4,"4/21/22","Y","QR","Capped",NA,"14","#VALUE!",14,"5/5/22","Y","QR",10,"5/19/22","Y","QR","14","6/2/22","Y","QR",16,"",4,429,0,0,1,124,"Four",1,"6/30/22",1,122.8,"QR",9,NA,3,351,0,0,"",NA,"","2022-06-07","QS",NA,NA,NA,5.325,1.8125,0,5.6625,"Control","Control"," NA",0,281,429,351,"QR QR QR QS ",0,0,0,0,1,0,124,56.296,122.8,55.7512
"111","22-111","Shooting Range","3/22/22","Kiwi","21-076",2,3,5,"7-HopGuard",7,"3/24/22",NA,NA,1,276,13,0,"4/9/22","QS","Y","L3",6,"4/21/22","Y","QR","Capped",NA,"12","#VALUE!",12,"5/5/22","Y","QR",10,"5/19/22","Y","QR","14","6/2/22","Y","QR",13,"",0,380,1,0,1,148.4,"Normal",1,"6/30/22",1,177,"QR",13,NA,2,358,6,0,"",NA,"","2022-06-07","QR",NA,NA,NA,4.375,2.0375,0.225,8.475,"HopGuard","Organic"," NA",0,289,381,364,"QR QR QR QR ",0,0,0,0,1,0,148.4,67.3736,177,80.358
"112","22-112","Shooting Range","3/22/22","Kiwi","21-190",1,4,7,"5-Vapor18",5,"3/24/22",NA,NA,2,304,11,0,"4/9/22","QS","Y","L1",4,"4/21/22","Y","QR","Capped",NA,"14","#VALUE!",14,"5/5/22","Y","QR",13,"5/19/22","Y","QR","17","6/2/22","Y","QR",16,"",2,394,1,0,1,161.4,"Four",2,"6/30/22",2,191.6,"QR",17,NA,3,378,4,0,"",NA,"","2022-06-07","QS",NA,NA,NA,7.931,2.1375,0.325,12.333,"OA Vapor","Organic"," NA",0,315,395,382,"QR QR QR QS ",0,0,0,0,1,0,161.4,73.2756,179.6,81.5384
"113","22-113","Shooting Range","3/22/22","Kiwi","21-190",1,4,7,"4-Dribble18",4,"3/24/22",NA,NA,0,348,8,0,"4/9/22","QR","Y","L3",6,"4/21/22","Y","QR","Capped",NA,"12","#VALUE!",12,"5/5/22","Y","QR",10,"5/19/22","Y","QR","13","6/2/22","Y","QR",16,"",0,338,3,0,1,141,"Four",1,"6/30/22",1,129,"QNS",5,1,7,361,15,0,"",NA,"","2022-06-07","QS",NA,NA,NA,6.435,3,0.475,8.375,"OA Dribble","Organic"," NA",0,356,341,376,"QR QR QR QS ",0,0,0,0,1,0,141,64.014,129,58.566
"114","22-114","Shooting Range","3/22/22","Kiwi","21-190",1,4,7,"3-Taktic",3,"3/24/22",NA,NA,2,277,20,0,"4/9/22","QS","Y","L1",4,"4/21/22","Y","QR","Capped",NA,"14","#VALUE!",14,"5/5/22","Y","QR",11,"5/19/22","Y","QR","14","6/2/22","Y","QR",19,"",0,354,9,0,1,159.4,"Four",2,"6/30/22",2,199.4,"QR",19,NA,2,327,14,0,"",NA,"","2022-06-07","QR",NA,NA,NA,10.308,2.475,0.3875,13.488,"Amitraz EC","Synthetic"," NA",0,297,363,341,"QR QR QR QR ",0,0,0,0,1,0,159.4,72.3676,187.4,85.0796
"115","22-115","Shooting Range","3/22/22","Kiwi","21-190",1,4,7,"6-ManyDribble",6,"3/24/22",NA,NA,0,320,28,0,"4/9/22","QR","Y","L2",5,"4/21/22","Y","QR","Capped",NA,"13","#VALUE!",13,"5/5/22","Y","QR",9,"5/19/22","Y","QR","8","6/2/22","Y","QR",8,"",0,348,2,0,1,131.8,"Normal",1,"6/30/22",1,156.2,"QR",9,NA,0,324,5,0,"",NA,"","2022-06-07","QR",NA,NA,NA,4.775,2.175,0.2125,9.4,"5x OA Dribble","Organic"," NA",0,348,350,329,"QR QR QR QR ",0,0,0,0,1,0,131.8,59.8372,156.2,70.9148
"116","22-116","Shooting Range","3/22/22","Kiwi","21-183",1,3,6,"7-HopGuard",7,"3/24/22",NA,NA,3,281,26,0,"4/9/22","QS","Y","L3",6,"4/21/22","Y","QR","Capped",NA,"12","#VALUE!",12,"5/5/22","Y","QR",14,"5/19/22","Y","QR","15","6/2/22","Y","QR",16,"",3,336,1,0,1,160.2,"Four",2,"6/30/22",2,188.2,"QR",16,NA,10,347,16,0,"",NA,"","2022-06-07","QR",NA,NA,NA,8.21,1.9875,0.175,14.06,"HopGuard","Organic"," NA",0,307,337,363,"QR QR QR QR ",0,0,0,0,1,0,160.2,72.7308,176.2,79.9948
"117","22-117","Shooting Range","3/22/22","Kiwi","21-183",1,3,6,"5-Vapor18",5,"3/24/22",NA,NA,1,360,12,0,"4/9/22","VQS","N",NA,NA,"4/21/22","Y","QNS","Eggs",2,"#VALUE!","28",28,"5/5/22",NA,NA,NA,NA,NA,NA,NA,NA,NA,NA,NA,NA,NA,NA,NA,NA,NA,NA,NA,NA,NA,NA,NA,NA,NA,NA,NA,NA,NA,NA,"4/21/22",30,"Failed to mate",NA,NA,NA,NA,NA,NA,NA,NA,NA,"OA Vapor","Organic","Failed to mate NA",0,372,NA,NA,"NA NA NA NA Failed to mate",1,0,0,0,0,1,NA,NA,NA,NA
"118","22-118","Shooting Range","3/22/22","Kiwi","21-183",1,3,7,"1-Control",1,"3/24/22",NA,NA,1,340,29,0,"4/9/22","QNS","N",NA,NA,"4/21/22","N","QNS",NA,NA,"#VALUE!","#VALUE!",NA,"5/5/22",NA,NA,NA,NA,NA,NA,NA,NA,NA,NA,NA,NA,NA,NA,NA,NA,NA,NA,NA,NA,NA,NA,NA,NA,NA,NA,NA,NA,NA,NA,"4/21/22",30,"Failed to mate",NA,NA,NA,NA,NA,NA,NA,NA,NA,"Control","Control","Failed to mate NA",0,369,NA,NA,"NA NA NA NA Failed to mate",1,0,0,0,0,1,NA,NA,NA,NA
"119","22-119","Shooting Range","3/22/22","Raleigh","21-116",2,2,5,"4-Dribble18",4,"3/24/22",NA,NA,0,360,5,0,"4/9/22","QNS","N",NA,NA,"4/21/22","Y","QR","Prepupa",11,"#VALUE!","19",19,"5/5/22","Y","QR",8,"5/19/22","Y","QR","6","6/2/22","Y","QR",7,"",1,433,0,0,1,101.4,"Normal",1,NA,NA,NA,NA,NA,NA,NA,NA,NA,NA,"6/7/22",77,"d77 mod EFB","2022-06-07","QR","Observed",2,1,2.725,2.1,0,2.45,"OA Dribble","Organic","d77 mod EFB Observed",1,365,433,NA,"QR QR QR QR d77 mod EFB",0,0,0,0,1,1,101.4,46.0356,NA,NA
"120","22-120","Shooting Range","3/22/22","Raleigh","21-116",2,2,5,"2-Apivar",2,"3/24/22",NA,NA,5,319,17,0,"4/9/22","QR","Y","L6",9,"4/21/22","Y","QR","Capped",NA,"9","#VALUE!",9,"5/5/22","Y","QR",14,"5/19/22","Y","QR","13","6/2/22","Y","QR",12.5,"",1,258,2,0,1,145.4,"Normal",1,"6/30/22",1,151.6,"QR",14,NA,7,364,4,0,"",NA,"","2022-06-07","QR",NA,2,1,2.675,1.45,0,8.925,"Apivar","Synthetic"," NA",0,336,260,368,"QR QR QR QR ",0,0,0,0,1,0,145.4,66.0116,151.6,68.8264
"121","22-121","Shooting Range","3/22/22","Raleigh","21-115",9,3,2,"4-Dribble18",4,"3/24/22",4,6,10,328,4,0,"4/9/22","QS","Y","L3",6,"4/21/22","Y","QR","Capped",NA,"12","#VALUE!",12,"5/5/22","Y","QR",6.5,"5/19/22","N","QL","Missing","6/2/22","N","QNS",4,"",6,362,1,0,1,88.6,"Normal",1,NA,NA,NA,NA,NA,NA,NA,NA,NA,NA,"6/7/22",77,"d77 QNS","2022-06-07","QNS",NA,2,1,1.425,0,0,2.1125,"OA Dribble","Organic","d77 QNS NA",0,332,363,NA,"QR QL QNS QNS d77 QNS",0,0,1,0,1,1,88.6,40.2244,NA,NA
"122","22-122","Shooting Range","3/22/22","Raleigh","21-115",9,3,2,"2-Apivar",2,"3/24/22",6,5,11,338,5,0,"4/9/22","QNS","N",NA,NA,"4/21/22","Y","QR","L3",6,"#VALUE!","24",24,"5/5/22","Y","QR",6,"5/19/22","Y","QR","4","6/2/22","Y","QR",5.5,"",0,445,0,0,1,96.8,"Normal",1,"6/30/22",1,108.8,"QR",12,NA,0,334,10,0,"",NA,"","2022-06-07","QS",NA,2,1,2.525,1.5,0.025,1.9,"Apivar","Synthetic"," NA",0,343,445,344,"QR QR QR QS ",0,0,0,0,1,0,96.8,43.9472,108.8,49.3952
"123","22-123","Shooting Range","3/22/22","Raleigh","21-115",9,3,2,"7-HopGuard",7,"3/24/22",2,4,6,417,5,0,"4/9/22","QS","Y","eggs",2,"4/21/22","Y","QR","Capped",NA,"16","#VALUE!",16,"5/5/22","Y","QR",5,"5/19/22","Y","QR","4.5","6/2/22","Y","QR",5.5,"",4,336,0,0,1,88.8,"Normal",1,"6/30/22",1,96.6,"QR",9,NA,4,363,2,0,"",NA,"","2022-06-07","QS",NA,2,1,1.925,1.9875,0,1.1,"HopGuard","Organic"," NA",0,422,336,365,"QR QR QR QS ",0,0,0,0,1,0,88.8,40.3152,96.6,43.8564
"124","22-124","Shooting Range","3/22/22","Raleigh","21-108",8,2,3,"3-Taktic",3,"3/24/22",6,8,14,284,26,0,"4/9/22","VQS","N",NA,NA,"4/21/22","Y","QR","Prepupa",11,"#VALUE!","19",19,"5/5/22","Y","QR",8,"5/19/22","Y","QR","6","6/2/22","Y","QR",8.5,"",8,NA,NA,NA,1,107.8,"Normal",1,NA,NA,NA,NA,NA,NA,NA,NA,NA,NA,"6/7/22",77,"d77 EFB, likely sac","2022-06-07","QR","Observed",2,1,2.5,1.875,0.15,4.05,"Amitraz EC","Synthetic","d77 EFB, likely sac Observed",1,310,362,NA,"QR QR QR QR d77 EFB, likely sac",0,0,0,0,1,1,107.8,48.9412,NA,NA
"125","22-125","Shooting Range","3/22/22","Raleigh","21-108",8,2,3,"7-HopGuard",7,"3/24/22",10,8,18,321,32,0,"4/9/22","QS","Y","L1",4,"4/21/22","Y","QR","Capped",NA,"14","#VALUE!",14,"5/5/22","Y","QR",9,"5/19/22","Y","QR","6","6/2/22","Y","QR",10,"",8,431,0,0,1,116.4,"Normal",1,"6/30/22",1,130.4,"QR",10,NA,3,381,0,0,"",NA,"","2022-06-07","QS",NA,2,1,3.55,1.7125,0,4.725,"HopGuard","Organic"," NA",0,353,431,381,"QR QR QR QS ",0,0,0,0,1,0,116.4,52.8456,130.4,59.2016
"126","22-126","Shooting Range","3/22/22","Kiwi","21-073",6,2,3,"1-Control",1,"3/24/22",7,1,8,313,0,0,"4/9/22","QS","Y","L3",6,"4/21/22","Y","QS","Capped",NA,"12","#VALUE!",12,"5/5/22","Y","QR",14,"5/19/22","Y","QR","12","6/2/22","Y","QR",14,"",59,460,0,0,1,151.3,"Normal",1,"6/30/22",1,169.8,"QR",15,NA,55,406,2,0,"",NA,"","2022-06-07","QR",NA,2,1,3.925,2.5,0.2,9.375,"Control","Control"," NA",0,313,460,408,"QR QR QR QR ",0,0,0,0,1,0,151.3,68.6902,169.8,77.0892
"127","22-127","Shooting Range","3/22/22","Kiwi","21-073",6,2,4,"6-ManyDribble",6,"3/24/22",9,5,14,328,0,0,"4/9/22","QR","Y","eggs",NA,"4/21/22","Y","QR","Capped",NA,"18","#VALUE!",18,"5/5/22","Y","QR",7,"5/19/22","Y","QR","7","6/2/22","Y","QR",11,"",2,322,1,0,1,111.8,"Normal",1,"6/30/22",1,135.8,"QR",11,NA,26,408,12,0,"",NA,"","2022-06-07","QS",NA,2,1,4.225,2.25,0.3375,3.725,"5x OA Dribble","Organic"," NA",0,328,323,420,"QR QR QR QS ",0,0,0,0,1,0,111.8,50.7572,135.8,61.6532
"128","22-128","Turfgrass","3/25/22","Shoot (Wire hives at SR)","21-092",2,3,3,"7-HopGuard",7,"3/27/22",NA,NA,1,293,26,0,"4/12/22","QS","Y","L4",7,"4/24/22","Y","QR","Capped",NA,"11","#VALUE!",11,"5/8/22","Y","QR",11.5,NA,NA,NA,NA,NA,NA,NA,NA,NA,NA,NA,NA,NA,NA,NA,"Normal",NA,NA,NA,NA,NA,NA,NA,NA,NA,NA,NA,"5/8/22",44,"EFB",NA,NA,NA,NA,NA,NA,NA,NA,NA,"HopGuard","Organic","EFB NA",1,319,NA,NA,"QR NA NA NA EFB",0,0,0,0,1,1,NA,NA,NA,NA
"129","22-129","Turfgrass","3/25/22","Shoot (Wire hives at SR)","21-092",2,3,3,"6-ManyDribble",6,"3/27/22",NA,NA,0,261,31,0,"4/12/22","QS","Y","L4",7,"4/24/22","Y","QS","Capped",NA,"11","#VALUE!",11,"5/8/22","Y","QR",7.5,"5/21/22","Y","QR","11","6/6/22","Y","QR",12,"",1,406,0,0,1,128.2,"Normal",1,"6/30/22",1,166,"QR",18,NA,6,440,4,0,"",NA,"","2022-06-11","QR",NA,NA,NA,5.05,3.5,0.175,6.7,"5x OA Dribble","Organic"," NA",0,292,406,444,"QR QR QR QR ",0,0,0,0,1,0,128.2,58.2028,166,75.364
"130","22-130","Turfgrass","3/25/22","Shoot (Wire hives at SR)","21-092",2,3,4,"2-Apivar",2,"3/27/22",NA,NA,2,283,20,0,"4/12/22","QS","Y","L3",6,"4/24/22","Y","QR","Capped",NA,"12","#VALUE!",12,"5/8/22","Y","QR",9,"5/21/22","Y","QR","15","6/6/22","Y","QR",12,"",0,285,4,0,1,162.6,"Normal",2,"6/30/22",2,215.8,"QR",18,NA,15,269,12,0,"",NA,"","2022-06-11","QR",NA,NA,NA,5.59,2.9625,0.5375,14.2525,"Apivar","Synthetic"," NA",0,303,289,281,"QR QR QR QR ",0,0,0,0,1,0,162.6,73.8204,203.8,92.5252
"131","22-131","Turfgrass","3/25/22","Shoot (Wire hives at SR)","21-094",2,2,4,"1-Control",1,"3/27/22",NA,NA,1,297,20,0,"4/12/22","QR","Y","eggs",2,"4/24/22","Y","QR","Capped",NA,"16","#VALUE!",16,"5/8/22","Y","QR",7,"5/21/22","Y","QR","11","6/6/22","Y","QR",10,"",10,304,6,0,1,146.8,"Normal",2,"6/30/22",1,168.2,"QR",16,NA,18,317,11,0,"",NA,"","2022-06-11","QS",NA,NA,NA,3.125,3.025,0.1625,9.425,"Control","Control"," NA",0,317,310,328,"QR QR QR QS ",0,0,0,0,1,0,146.8,66.6472,168.2,76.3628
"132","22-132","Turfgrass","3/25/22","Shoot (Wire hives at SR)","21-094",2,2,4,"3-Taktic",3,"3/27/22",NA,NA,0,286,13,0,"4/12/22","QR","Y","L5",8,"4/24/22","Y","QR","Capped",NA,"10","#VALUE!",10,"5/8/22","Y","QR",9,"5/21/22","Y","QS","13","6/6/22","Y","QR",11,"",6,396,1,0,1,156.4,"Normal",1,"6/30/22",2,198.4,"QR",14,NA,14,223,21,0,"",NA,"","2022-06-11","QS",NA,2,1,4.775,2.6125,0.325,10.3125,"Amitraz EC","Synthetic"," NA",0,299,397,244,"QR QS QR QS ",0,0,0,0,1,0,156.4,71.0056,186.4,84.6256
"133","22-133","Turfgrass","3/25/22","Shooting Range","21-020",2,2,3,"2-Apivar",2,"3/27/22",NA,NA,0,297,4,0,"4/12/22","QNS","N",NA,NA,"4/24/22","N","QNS",NA,NA,"#VALUE!","#VALUE!",NA,"5/8/22",NA,NA,NA,NA,NA,NA,NA,NA,NA,NA,NA,NA,NA,NA,NA,NA,NA,NA,"Normal",NA,NA,NA,NA,NA,NA,NA,NA,NA,NA,NA,"4/24/22",30,"Failed to mate",NA,NA,NA,NA,NA,NA,NA,NA,NA,"Apivar","Synthetic","Failed to mate NA",0,301,NA,NA,"NA NA NA NA Failed to mate",1,0,0,0,0,1,NA,NA,NA,NA
"134","22-134","Turfgrass","3/25/22","Shooting Range","21-020",2,2,3,"4-Dribble18",4,"3/27/22",NA,NA,0,317,3,0,"4/12/22","VQS","N",NA,NA,"4/24/22","Y","QR","L3",6,"#VALUE!","24",24,"5/8/22","Y","QR",3,"5/21/22","Y","QR","4","6/6/22","Y","QR",9,"",0,344,0,0,1,157,"Normal",1,"6/30/22",1,147,"QR",13,NA,1,324,1,0,"",NA,"","2022-06-11","QS",NA,2,1,3.525,2.8625,0.025,6.175,"OA Dribble","Organic"," NA",0,320,344,325,"QR QR QR QS ",0,0,0,0,1,0,157,71.278,147,66.738
"135","22-135","Turfgrass","3/25/22","Shooting Range","21-006",2,3,4,"6-ManyDribble",6,"3/27/22",NA,NA,1,316,7,0,"4/12/22","QNS","N",NA,NA,"4/24/22","Y","QR","Eggs",2,"#VALUE!","28",28,"5/8/22","N","QL",4.5,"5/21/22","Y","QR","3.5","6/6/22","Y","QR",4,"",0,503,0,0,1,99.8,"Normal",1,"6/30/22",1,108.8,"QR",7,NA,2,476,0,0,"",NA,"","2022-06-11","QS",NA,2,1,1.425,1.75,0.1,2.45,"5x OA Dribble","Organic"," NA",0,323,503,476,"QL QR QR QS ",1,0,0,0,0,1,99.8,45.3092,108.8,49.3952
"136","22-136","Turfgrass","3/25/22","Shooting Range","21-006",2,3,4,"4-Dribble18",4,"3/27/22",NA,NA,0,314,23,0,"4/12/22","QNS","N",NA,NA,"4/24/22","Y","QR","L6",9,"#VALUE!","21",21,"5/8/22","Y","QR",3,"5/21/22","Y","QR","5","6/6/22","Y","QR",8,"",0,425,0,0,1,93.6,"Normal",1,NA,NA,NA,NA,NA,NA,NA,NA,NA,NA,"6/11/22",77,"EFB","2022-06-11","QR","Observed",NA,NA,2.175,1.525,0.025,1.525,"OA Dribble","Organic","EFB Observed",1,337,425,NA,"QR QR QR QR EFB",0,0,0,0,1,1,93.6,42.4944,NA,NA
"137","22-137","Turfgrass","3/25/22","Shooting Range","21-006",2,3,5,"1-Control",1,"3/27/22",NA,NA,0,301,28,0,"4/12/22","QNS","N",NA,NA,"4/24/22","Y","QS","Eggs",2,"#VALUE!","28",28,"5/8/22","Y","QR",4,"5/21/22","Y","QR","5","6/6/22","Y","QR",8.5,"",0,336,1,0,1,112,"Normal",1,"6/30/22",1,146.8,"QR",12,NA,0,304,4,0,"",NA,"","2022-06-11","QS",NA,NA,NA,2.95,2.85,0.075,5.8,"Control","Control"," NA",0,329,337,308,"QR QR QR QS ",0,0,0,0,1,0,112,50.848,146.8,66.6472
"138","22-138","Turfgrass","3/25/22","Shoot (Wire hives at SR)","21-129",5,2,1,"1-Control",1,"3/27/22",3,1,4,270,15,0,"4/12/22","QNS","N",NA,NA,"4/24/22","Y","QS","L6",9,"#VALUE!","21",21,"5/8/22","Y","QR",8,"5/21/22","N","QL","7","6/6/22","Y","QR",8,"",7,419,0,0,1,130,"Normal",1,"6/30/22",1,138.6,"QR",10,NA,19,232,23,0,"",NA,"","2022-06-11","QR",NA,NA,NA,2.525,0.35,0,8.6,"Control","Control"," NA",0,285,419,255,"QR QL QR QR ",0,0,1,0,1,1,130,59.02,138.6,62.9244
"139","22-139","Turfgrass","3/25/22","Shoot (Wire hives at SR)","21-129",5,2,1,"3-Taktic",3,"3/27/22",4,1,5,295,8,0,"4/12/22","QNS","N",NA,NA,"4/24/22","Y","QR","Prepupa",11,"#VALUE!","19",19,"5/8/22","Y","QR",7.5,"5/21/22","Y","QR","8","6/6/22","Y","QR",11,"",4,386,0,0,1,134.8,"Normal",1,"6/30/22",1,168.4,"QR",11,NA,5,367,10,0,"",NA,"","2022-06-11","QS",NA,NA,NA,4.075,2.825,0.075,9.075,"Amitraz EC","Synthetic"," NA",0,303,386,377,"QR QR QR QS ",0,0,0,0,1,0,134.8,61.1992,168.4,76.4536
"140","22-140","Turfgrass","3/25/22","Shooting Range","21-036",1,3,6,"6-ManyDribble",6,"3/27/22",NA,NA,0,331,2,0,"4/12/22","QNS","N",NA,NA,"4/24/22","Y","QS","Prepupa",11,"#VALUE!","19",19,"5/8/22","Y","QR",2,"5/21/22","Y","QR","3.5","6/6/22","Y","QR",7,"",0,417,0,0,1,98.6,"Normal",1,"6/30/22",1,115.4,"QS",8,NA,1,259,2,0,"",NA,"","2022-06-11","QS",NA,NA,NA,2.525,2.125,0.025,1.9,"5x OA Dribble","Organic"," NA",0,333,417,261,"QR QR QR QS ",0,0,0,0,1,0,98.6,44.7644,115.4,52.3916
"141","22-141","Turfgrass","3/25/22","Shooting Range","21-036",1,3,6,"2-Apivar",2,"3/27/22",NA,NA,3,294,17,0,"4/12/22","QNS","N",NA,NA,"4/24/22","Y","QS","Prepupa",11,"#VALUE!","19",19,"5/8/22","Y","QR",4,"5/21/22","Y","QR","5","6/6/22","Y","QR",10,"",0,440,0,0,1,126.2,"Normal",1,"6/30/22",1,156.2,"QR",13,NA,0,280,12,0,"",NA,"","2022-06-11","QR",NA,NA,NA,3.275,2.6,0.225,7.425,"Apivar","Synthetic"," NA",0,311,440,292,"QR QR QR QR ",0,0,0,0,1,0,126.2,57.2948,156.2,70.9148
"142","22-142","Turfgrass","3/25/22","Shooting Range","21-036",1,3,6,"7-HopGuard",7,"3/27/22",NA,NA,0,286,8,0,"4/12/22","VQS","N",NA,NA,"4/24/22","Y","QR","L4",7,"#VALUE!","23",23,"5/8/22","Y","QS",1.5,"5/21/22","Y","QS","2","6/6/22","Y","QR",2.5,"",0,363,0,0,1,80.8,"Normal",1,NA,NA,NA,NA,NA,NA,NA,NA,NA,NA,"6/11/22",77,"Small","2022-06-11","QR",NA,NA,NA,1.525,0.9,0,0.575,"HopGuard","Organic","Small NA",0,294,363,NA,"QS QS QR QR Small",0,1,0,0,1,1,80.8,36.6832,NA,NA
"143","22-143","Turfgrass","3/25/22","Shoot (Wire hives at SR)","21-130",2,2,4,"7-HopGuard",7,"3/27/22",NA,NA,8,348,11,0,"4/12/22","QR","Y","L5",8,"4/24/22","Y","QR","Capped",NA,"10","#VALUE!",10,"5/8/22","Y","QR",13,"5/21/22","Y","QR","15","6/6/22","Y","QR",14,"",0,285,0,0,1,175.6,"Normal",2,"6/30/22",2,213.6,"QR",16,NA,2,258,6,0,"",NA,"","2022-06-11","QR",NA,NA,NA,6.939,2.5,0.2125,14.742,"HopGuard","Organic"," NA",0,359,285,264,"QR QR QR QR ",0,0,0,0,1,0,175.6,79.7224,201.6,91.5264
"144","22-144","Turfgrass","3/25/22","Shoot (Wire hives at SR)","21-130",2,2,4,"5-Vapor18",5,"3/27/22",NA,NA,4,301,4,0,"4/12/22","QNS","N",NA,NA,"4/24/22","Y","QS","Prepupa",11,"#VALUE!","19",19,"5/8/22","Y","QR",3,"5/21/22","Y","QR","3","6/6/22","Y","QR",5,"",1,420,1,0,1,108.8,"Normal",1,"6/30/22",1,128.2,"QR",8,NA,3,375,9,0,"",NA,"","2022-06-11","QR",NA,NA,NA,1.65,1.6,0.05,4.925,"OA Vapor","Organic"," NA",0,305,421,384,"QR QR QR QR ",0,0,0,0,1,0,108.8,49.3952,128.2,58.2028
"145","22-145","Turfgrass","3/25/22","Shooting Range","21-045",1,3,5,"6-ManyDribble",6,"3/27/22",NA,NA,1,281,18,0,"4/12/22","QNS","N",NA,NA,"4/24/22","Y","QR","L4",7,"#VALUE!","23",23,"5/8/22","Y","QR",4.5,"5/21/22","Y","QR","4.5","6/6/22","Y","QR",7,"",4,387,0,0,1,121.4,"Normal",1,"6/30/22",1,156.8,"QS",14,NA,4,415,9,0,"",NA,"","2022-06-11","QR",NA,NA,NA,3.2,3,0.1,7.275,"5x OA Dribble","Organic"," NA",0,299,387,424,"QR QR QR QR ",0,0,0,0,1,0,121.4,55.1156,156.8,71.1872
"146","22-146","Turfgrass","3/25/22","Shooting Range","21-045",1,3,5,"4-Dribble18",4,"3/27/22",NA,NA,2,338,15,0,"4/12/22","QNS","N",NA,NA,"4/24/22","Y","QR","Prepupa",11,"#VALUE!","19",19,"5/8/22","Y","QR",5,"5/21/22","Y","QR","5","6/6/22","Y","QR",10,"",3,343,8,0,1,114.4,"Normal",1,"6/30/22",1,140.2,"QR",9,NA,4,342,4,0,"",NA,"","2022-06-11","QS",NA,NA,NA,3,2.7,0.1,5.55,"OA Dribble","Organic"," NA",0,353,351,346,"QR QR QR QS ",0,0,0,0,1,0,114.4,51.9376,140.2,63.6508
"147","22-147","Turfgrass","3/25/22","Shooting Range","21-045",1,3,5,"5-Vapor18",5,"3/27/22",NA,NA,0,255,7,0,"4/12/22","QNS","N",NA,NA,"4/24/22","Y","QR","L5",8,"#VALUE!","22",22,"5/8/22","Y","QR",7,"5/21/22","Y","QR","10","6/6/22","Y","QR",14,"",27,390,4,0,1,147.2,"Normal",2,"6/30/22",2,201.6,"QR",14,NA,68,330,8,0,"",NA,"","2022-06-11","QR",NA,NA,NA,3.688,2.575,0.075,11.685,"OA Vapor","Organic"," NA",0,262,394,338,"QR QR QR QR ",0,0,0,0,1,0,147.2,66.8288,189.6,86.0784
"148","22-148","Turfgrass","3/25/22","Kiwi-Raleighs","21-182",1,2,7,"3-Taktic",3,"3/27/22",NA,NA,0,325,16,0,"4/12/22","QR","Y","L4",7,"4/24/22","Y","QR","Capped",NA,"11","#VALUE!",11,"5/8/22","N","QL",8,"5/21/22","Y","QR","10","6/6/22","Y","QR",13,"",2,288,0,0,1,145,"Normal",1,"6/30/22",1,136.8,"QR",13,NA,5,352,18,0,"",NA,"","2022-06-11","QR",NA,NA,NA,3.3,2.5375,0,10.2625,"Amitraz EC","Synthetic"," NA",0,341,288,370,"QL QR QR QR ",0,0,1,0,1,1,145,65.83,136.8,62.1072
"149","22-149","Turfgrass","3/25/22","Kiwi-Raleighs","21-182",1,2,7,"2-Apivar",2,"3/27/22",NA,NA,0,268,37,0,"4/12/22","QR","Y","L4",7,"4/24/22","Y","QR","Capped",NA,"11","#VALUE!",11,"5/8/22","Y","QR",12,"5/21/22","Y","QS","16","6/6/22","Y","QR",20,"",2,458,9,0,1,188,"Normal",3,"6/30/22",3,254.4,"QR",19,NA,3,276,14,0,"",NA,"","2022-06-11","QS",NA,NA,NA,8.075,3.575,0.3125,14.902,"Apivar","Synthetic"," NA",0,305,467,290,"QR QS QR QS ",0,0,0,0,1,0,188,85.352,230.4,104.6016
"150","22-150","Turfgrass","3/25/22","Raleigh","21-114/144",5,3,2,"5-Vapor18",5,"3/27/22",4,2,6,357,7,0,"4/12/22","QR","Y","L4",7,"4/24/22","Y","QR","Capped",NA,"11","#VALUE!",11,"5/8/22","Y","QR",10,NA,NA,NA,NA,NA,NA,NA,NA,NA,NA,NA,NA,NA,NA,NA,"Normal",NA,NA,NA,NA,NA,NA,NA,NA,NA,NA,NA,"5/8/22",44,"EFB",NA,NA,NA,NA,NA,NA,NA,NA,NA,"OA Vapor","Organic","EFB NA",1,364,NA,NA,"QR NA NA NA EFB",0,0,0,0,1,1,NA,NA,NA,NA
"151","22-151","Turfgrass","3/25/22","Raleigh","21-114/144",5,3,2,"6-ManyDribble",6,"3/27/22",6,3,9,256,4,0,"4/12/22","QR","Y","L3",6,"4/24/22","Y","QR","Capped",NA,"12","#VALUE!",12,"5/8/22","Y","QR",8,"5/21/22","Y","QS","6","6/6/22","Y","QR",12.5,"",3,342,1,0,1,116.2,"Normal",1,"6/30/22",1,144.8,"QR",16,NA,7,336,4,0,"",NA,"","2022-06-11","QR",NA,NA,NA,4.425,2.6,0.1625,5.875,"5x OA Dribble","Organic"," NA",0,260,343,340,"QR QS QR QR ",0,0,0,0,1,0,116.2,52.7548,144.8,65.7392
"152","22-152","Turfgrass","3/25/22","Raleigh","21-114/144",5,3,2,"3-Taktic",3,"3/27/22",2,0,2,258,3,0,"4/12/22","QS","Y","L6",9,"4/24/22","Y","QR","Capped",NA,"9","#VALUE!",9,"5/8/22","Y","QR",10,"5/21/22","Y","QR","13","6/6/22","Y","QR",16,"",4,386,1,0,1,140.6,"Normal",2,"6/30/22",2,194,"QR",12,NA,3,364,3,0,"",NA,"","2022-06-11","QR",NA,2,1,4.977,3.3875,0.1375,12.05,"Amitraz EC","Synthetic"," NA",0,261,387,367,"QR QR QR QR ",0,0,0,0,1,0,140.6,63.8324,182,82.628
"153","22-153","Turfgrass","3/25/22","Kiwi-Raleighs","21-192",2,3,5,"3-Taktic",3,"3/27/22",NA,NA,2,305,15,0,"4/12/22","QR","Y","eggs",2,"4/24/22","Y","QR","Capped",NA,"16","#VALUE!",16,"5/8/22","Y","QR",11,"5/21/22","Y","QR","13","6/6/22","Y","QR",15,"",0,321,3,0,1,142.8,"Normal",2,"6/30/22",2,197,"QR",18,NA,3,334,6,0,"",NA,"","2022-06-11","QR",NA,2,1,4.134,3.0625,0.375,10.317,"Amitraz EC","Synthetic"," NA",0,320,324,340,"QR QR QR QR ",0,0,0,0,1,0,142.8,64.8312,185,83.99
"154","22-154","Turfgrass","3/25/22","Kiwi-Raleighs","21-192",2,3,5,"2-Apivar",2,"3/27/22",NA,NA,2,288,13,0,"4/12/22","QR","Y","L2",5,"4/24/22","Y","QR","Capped",NA,"13","#VALUE!",13,"5/8/22","Y","QR",9,"5/21/22","Y","QR","12","6/6/22","Y","QR",14,"",2,376,18,0,1,149.8,"Four",1,"6/30/22",1,180.8,"QR",16,NA,4,279,26,0,"",NA,"","2022-06-11","QS",NA,NA,NA,3.032,1.725,0.325,10.257,"Apivar","Synthetic"," NA",0,301,394,305,"QR QR QR QS ",0,0,0,0,1,0,149.8,68.0092,180.8,82.0832
"155","22-155","Turfgrass","3/25/22","Kiwi-Raleighs","21-192",2,3,5,"7-HopGuard",7,"3/27/22",NA,NA,0,290,17,0,"4/12/22","QNS","N",NA,NA,"4/24/22","Y","QR","Eggs",2,"#VALUE!","28",28,"5/8/22","Y","QR",1.5,NA,NA,NA,NA,NA,NA,NA,NA,NA,NA,NA,NA,NA,NA,NA,"Normal",NA,NA,NA,NA,NA,NA,NA,NA,NA,NA,NA,"5/8/22",44,"Weak",NA,NA,NA,NA,NA,NA,NA,NA,NA,"HopGuard","Organic","Weak NA",0,307,NA,NA,"QR NA NA NA Weak",0,1,0,0,1,1,NA,NA,NA,NA
"156","22-156","Turfgrass","3/25/22","Kiwi-Raleighs","21-054",1,3,6,"5-Vapor18",5,"3/27/22",NA,NA,0,295,27,0,"4/12/22","QNS","N",NA,NA,"4/24/22","Y","DL",NA,NA,"#VALUE!","#VALUE!",NA,"5/8/22",NA,NA,NA,NA,NA,NA,NA,NA,NA,NA,NA,NA,NA,NA,NA,NA,NA,NA,"Normal",NA,NA,NA,NA,NA,NA,NA,NA,NA,NA,NA,"4/24/22",30,"Failed to mate",NA,NA,NA,NA,NA,NA,NA,NA,NA,"OA Vapor","Organic","Failed to mate NA",0,322,NA,NA,"NA NA NA NA Failed to mate",1,0,0,0,0,1,NA,NA,NA,NA
"157","22-157","Turfgrass","3/25/22","Kiwi-Raleighs","21-054",1,3,6,"4-Dribble18",4,"3/27/22",NA,NA,0,280,4,0,"4/12/22","QS","Y","Eggs",2,"4/24/22","Y","QR","Capped",NA,"16","#VALUE!",16,"5/8/22","Y","QR",9.5,"5/21/22","Y","QR","14","6/6/22","Y","QR",14,"",0,343,0,0,1,161.6,"Normal",2,"6/30/22",2,218.2,"QR",18,NA,1,320,4,0,"",NA,"","2022-06-11","QS",NA,NA,NA,4.284,2.6,0.2,11.433,"OA Dribble","Organic"," NA",0,284,343,324,"QR QR QR QS ",0,0,0,0,1,0,161.6,73.3664,206.2,93.6148
"158","22-158","Turfgrass","3/25/22","Kiwi-Raleighs","21-054",1,3,6,"3-Taktic",3,"3/27/22",NA,NA,0,323,2,0,"4/12/22","QNS","N",NA,NA,"4/24/22","Y","QR","Eggs",2,"#VALUE!","28",28,"5/8/22","Y","DL",4,NA,NA,NA,NA,NA,NA,NA,NA,NA,NA,NA,NA,NA,NA,NA,"Normal",NA,NA,NA,NA,NA,NA,NA,NA,NA,NA,NA,"5/8/22",44,"DL",NA,NA,NA,NA,NA,NA,NA,NA,NA,"Amitraz EC","Synthetic","DL NA",0,325,NA,NA,"DL NA NA NA DL",1,0,0,0,0,1,NA,NA,NA,NA
"159","22-159","Turfgrass","3/25/22","Kiwi-Raleighs","21-181",1,2,6,"1-Control",1,"3/27/22",NA,NA,0,242,10,0,"4/12/22","QNS","N",NA,NA,"4/24/22","Y","QR","Eggs",2,"#VALUE!","28",28,"5/8/22","Y","DL",3,NA,NA,NA,NA,NA,NA,NA,NA,NA,NA,NA,NA,NA,NA,NA,"Normal",NA,NA,NA,NA,NA,NA,NA,NA,NA,NA,NA,"5/8/22",44,"DL",NA,NA,NA,NA,NA,NA,NA,NA,NA,"Control","Control","DL NA",0,252,NA,NA,"DL NA NA NA DL",1,0,0,0,0,1,NA,NA,NA,NA
"160","22-160","Turfgrass","3/25/22","Kiwi-Raleighs","21-181",1,2,7,"4-Dribble18",4,"3/27/22",NA,NA,0,321,2,0,"4/12/22","QNS","N",NA,NA,"4/24/22","Y","QR","L4",7,"#VALUE!","23",23,"5/8/22","Y","QR",4.5,"5/21/22","Y","QR","6","6/6/22","Y","QR",8,"",0,393,0,0,1,104.6,"Normal",1,"6/30/22",1,117.2,"QR",9,NA,5,360,2,0,"",NA,"","2022-06-11","QR",NA,NA,NA,2.1,2.025,0,3.55,"OA Dribble","Organic"," NA",0,323,393,362,"QR QR QR QR ",0,0,0,0,1,0,104.6,47.4884,117.2,53.2088
"161","22-161","Turfgrass","3/25/22","Richland","21-214",9,2,1,"4-Dribble18",4,"3/27/22",8,1,9,271,27,0,"4/12/22","QNS","N",NA,NA,"4/24/22","Y","QR","White eye",13,"#VALUE!","17",17,"5/8/22","Y","QR",9,"5/21/22","Y","QR","10.5","6/6/22","Y","QS",13,"",8,310,7,0,1,140.8,"Normal",1,"6/30/22",1,168.6,"QR",16,NA,15,325,2,0,"",NA,"","2022-06-11","QR",NA,NA,NA,3.821,3.35,0.3,8.035,"OA Dribble","Organic"," NA",0,298,317,327,"QR QR QS QR ",0,0,0,0,1,0,140.8,63.9232,168.6,76.5444
"162","22-162","Turfgrass","3/25/22","Richland","21-214",9,2,1,"6-ManyDribble",6,"3/27/22",2,0,2,301,6,0,"4/12/22","QS","Y","L3",6,"4/24/22","Y","QR","Capped",NA,"12","#VALUE!",12,"5/8/22","Y","QR",10.5,"5/21/22","Y","QR","11","6/6/22","Y","QR",12,"",1,292,2,0,1,149.4,"Normal",1,"6/30/22",1,185.2,"QR",14,NA,4,349,7,0,"",NA,"","2022-06-11","QS",NA,NA,NA,3,2.3,0.2,8.925,"5x OA Dribble","Organic"," NA",0,307,294,356,"QR QR QR QS ",0,0,0,0,1,0,149.4,67.8276,185.2,84.0808
"163","22-163","Turfgrass","3/25/22","Richland","21-166",1,2,7,"7-HopGuard",7,"3/27/22",NA,NA,4,309,13,0,"4/12/22","QS","Y","L5",8,"4/24/22","Y","QS","Capped",NA,"10","#VALUE!",10,"5/8/22","Y","QR",4.5,"5/21/22","Y","QR","4","6/6/22","Y","QR",8,"",0,334,0,0,1,111.6,"Normal",1,"6/30/22",1,136.8,"QS",10,NA,5,263,0,0,"",NA,"","2022-06-11","QR",NA,NA,NA,2.65,2.6,0.05,4,"HopGuard","Organic"," NA",0,322,334,263,"QR QR QR QR ",0,0,0,0,1,0,111.6,50.6664,136.8,62.1072
"164","22-164","Turfgrass","3/25/22","Richland","21-166",1,2,7,"1-Control",1,"3/27/22",NA,NA,2,269,8,0,"4/12/22","QS","Y","L4",7,"4/24/22","Y","QS","Capped",NA,"11","#VALUE!",11,"5/8/22","Y","QR",4.5,NA,NA,NA,NA,NA,NA,NA,NA,NA,NA,NA,NA,NA,NA,NA,"Normal",NA,NA,NA,NA,NA,NA,NA,NA,NA,NA,NA,"5/8/22",44,"EFB",NA,NA,NA,NA,NA,NA,NA,NA,NA,"Control","Control","EFB NA",1,277,NA,NA,"QR NA NA NA EFB",0,0,0,0,1,1,NA,NA,NA,NA
"165","22-165","Turfgrass","3/25/22","Richland","21-169",5,2,2,"7-HopGuard",7,"3/27/22",4,1,5,273,11,0,"4/12/22","QS","Y","L3",6,"4/24/22","Y","QR","Capped",NA,"12","#VALUE!",12,"5/8/22","Y","QS",11,"5/21/22","Y","QR","15","6/6/22","Y","QR",14,"",9,407,3,0,1,176.6,"Normal",2,"6/30/22",2,212,"QR",18,NA,26,242,10,0,"",NA,"","2022-06-11","QS",NA,NA,NA,4.303,2.8,0.2,13.382,"HopGuard","Organic"," NA",0,284,410,252,"QS QR QR QS ",0,0,0,0,1,0,176.6,80.1764,200,90.8
"166","22-166","Turfgrass","3/25/22","Richland","21-169",5,2,2,"1-Control",1,"3/27/22",0,1,1,334,5,0,"4/12/22","QNS","N",NA,NA,"4/24/22","Y","QS","L2",5,"#VALUE!","25",25,"5/8/22","Y","QR",6,"5/21/22","Y","QR","8","6/6/22","Y","QR",10,"",14,332,1,0,1,125.6,"Normal",1,"6/30/22",1,146.2,"QR",16,NA,19,360,0,0,"",NA,"","2022-06-11","QR",NA,NA,NA,3.1,2.475,0.075,7.725,"Control","Control"," NA",0,339,333,360,"QR QR QR QR ",0,0,0,0,1,0,125.6,57.0224,146.2,66.3748
"167","22-167","Turfgrass","3/25/22","Richland","20-D19",8,3,1,"7-HopGuard",7,"3/27/22",1,0,1,308,2,0,"4/12/22","QR","Y","L4",7,"4/24/22","Y","QR","Capped",NA,"11","#VALUE!",11,"5/8/22","Y","QR",6,"5/21/22","Y","QR","9","6/6/22","Y","QR",12,"",8,387,1,0,1,128.2,"Normal",1,"6/30/22",1,163.4,"QR",14,NA,11,334,8,0,"",NA,"","2022-06-11","QS",NA,NA,NA,3.75,3.375,0.275,8.2,"HopGuard","Organic"," NA",0,310,388,342,"QR QR QR QS ",0,0,0,0,1,0,128.2,58.2028,163.4,74.1836
"168","22-168","Turfgrass","3/25/22","Richland","20-D19",8,3,1,"2-Apivar",2,"3/27/22",2,1,3,280,14,0,"4/12/22","QR","Y","L3",6,"4/24/22","Y","QR","Capped",NA,"12","#VALUE!",12,"5/8/22","Y","QR",6,"5/21/22","Y","QS","8","6/6/22","Y","QS",13,"",4,386,3,0,1,130.2,"Normal",1,"6/30/22",1,161.4,"QS",18,NA,6,342,0,0,"",NA,"","2022-06-11","QS",NA,NA,NA,3.625,3.425,0.125,7.225,"Apivar","Synthetic"," NA",0,294,389,342,"QR QS QS QS ",0,0,0,0,1,0,130.2,59.1108,161.4,73.2756
"169","22-169","Turfgrass","3/25/22","Richland","20-D19",8,3,1,"5-Vapor18",5,"3/27/22",14,0,14,246,47,0,"4/12/22","QR","Y","L3",6,"4/24/22","Y","QR","Capped",NA,"12","#VALUE!",12,"5/8/22","Y","QR",4.5,"5/21/22","Y","QR","7","6/6/22","Y","QR",10,"",6,332,3,0,1,110,"Normal",1,"6/30/22",1,129.2,"QS",11,NA,11,347,7,0,"",NA,"","2022-06-11","QS",NA,NA,NA,2.1,1.75,0.025,5.3,"OA Vapor","Organic"," NA",0,293,335,354,"QR QR QR QS ",0,0,0,0,1,0,110,49.94,129.2,58.6568
"170","22-170","Turfgrass","3/25/22","Richland","21-062",4,3,3,"3-Taktic",3,"3/27/22",3,0,3,283,27,0,"4/12/22","QR","Y","L5",8,"4/24/22","Y","QR","Capped",NA,"10","#VALUE!",10,"5/8/22","Y","QR",7,"5/21/22","Y","QR","9","6/6/22","Y","QR",10,"",0,302,0,0,1,136.8,"Normal",1,"6/30/22",1,172.6,"QR",16,NA,2,340,21,0,"",NA,"","2022-06-11","QS",NA,2,1,4.175,2.6875,0.2875,8.75,"Amitraz EC","Synthetic"," NA",0,310,302,361,"QR QR QR QS ",0,0,0,0,1,0,136.8,62.1072,172.6,78.3604
"171","22-171","Turfgrass","3/25/22","Richland","21-062",4,3,3,"5-Vapor18",5,"3/27/22",1,0,1,269,4,0,"4/12/22","QR","Y","L3",6,"4/24/22","Y","QR","Capped",NA,"12","#VALUE!",12,"5/8/22","Y","QR",7,"5/21/22","Y","QR","10","6/6/22","N","QNS",11,"",9,407,3,0,1,124.4,"Normal",1,NA,NA,NA,NA,NA,NA,NA,NA,NA,NA,"6/11/22",77,"QL","2022-06-11","QL",NA,2,1,5.35,0.0125,0.05,9.8,"OA Vapor","Organic","QL NA",0,273,410,NA,"QR QR QNS QL QL",0,0,1,0,1,1,124.4,56.4776,NA,NA
"172","22-172","Turfgrass","3/25/22","Richland","21-062",4,3,3,"1-Control",1,"3/27/22",1,0,1,294,3,0,"4/12/22","QR","Y","L4",7,"4/24/22","Y","QR","Capped",NA,"11","#VALUE!",11,"5/8/22","Y","QR",5.5,"5/21/22","Y","QR","7.5","6/6/22","Y","QR",7.5,"",1,402,0,0,1,111,"Normal",1,"6/30/22",1,134.8,"QR",14,NA,1,297,1,0,"",NA,"","2022-06-11","QR",NA,2,1,2.625,2.5625,0.05,6.15,"Control","Control"," NA",0,297,402,298,"QR QR QR QR ",0,0,0,0,1,0,111,50.394,134.8,61.1992
"173","22-173","Turfgrass","3/25/22","Richland","20-L75",1,3,7,"6-ManyDribble",6,"3/27/22",NA,NA,3,317,3,0,"4/12/22","QS","Y","L5",8,"4/24/22","Y","QR","Capped",NA,"10","#VALUE!",10,"5/8/22","Y","QR",11,"5/21/22","Y","QR","15","6/6/22","Y","QS",14,"",1,432,1,0,1,170.2,"Normal",2,"6/30/22",2,215.8,"QR",16,NA,2,271,4,0,"",NA,"","2022-06-11","QR",NA,2,1,4.735,2.2,0.2625,13.76,"5x OA Dribble","Organic"," NA",0,320,433,275,"QR QR QS QR ",0,0,0,0,1,0,170.2,77.2708,203.8,92.5252
"174","22-174","Turfgrass","3/25/22","Richland","20-L75",1,3,7,"5-Vapor18",5,"3/27/22",NA,NA,5,363,3,0,"4/12/22","QS","Y","Eggs",2,"4/24/22","Y","QR","Capped",NA,"16","#VALUE!",16,"5/8/22","Y","QR",12,"5/21/22","Y","QR","12","6/6/22","Y","QS",12,"",13,371,1,0,1,153.4,"Normal",1,"6/30/22",1,168.4,"QR",14,NA,12,252,2,0,"",NA,"","2022-06-11","QR",NA,NA,NA,5.284,2.975,0.175,11.616,"OA Vapor","Organic"," NA",0,366,372,254,"QR QR QS QR ",0,0,0,0,1,0,153.4,69.6436,168.4,76.4536
"175","22-175","Turfgrass","3/25/22","Richland","20-L75",1,3,8,"7-HopGuard",7,"3/27/22",NA,NA,1,354,3,0,"4/12/22","QR","Y","L4",7,"4/24/22","Y","QS","Capped",NA,"11","#VALUE!",11,"5/8/22","Y","QR",10.5,NA,NA,NA,NA,NA,NA,NA,NA,NA,NA,NA,NA,NA,NA,NA,"Normal",NA,NA,NA,NA,NA,NA,NA,NA,NA,NA,NA,"5/8/22",44,"EFB",NA,NA,NA,NA,NA,NA,NA,NA,NA,"HopGuard","Organic","EFB NA",1,357,NA,NA,"QR NA NA NA EFB",0,0,0,0,1,1,NA,NA,NA,NA
"176","22-176","Turfgrass","3/25/22","Richland","20-C14",4,2,2,"4-Dribble18",4,"3/27/22",2,0,2,317,6,0,"4/12/22","QS","Y","L5",8,"4/24/22","Y","QR","Capped",NA,"10","#VALUE!",10,"5/8/22","N","QL",9,"5/21/22","Y","QS","9","6/6/22","N","QNS",11,"",9,352,1,0,1,134.2,"Normal",1,"6/30/22",1,154.2,"QR",14,NA,4,247,16,0,"",NA,"","2022-06-11","QR",NA,NA,NA,3.1,2.625,0.275,8.075,"OA Dribble","Organic"," NA",0,323,353,263,"QL QS QNS QR ",0,0,1,0,1,1,134.2,60.9268,154.2,70.0068
"177","22-177","Turfgrass","3/25/22","Richland","20-C14",4,2,2,"2-Apivar",2,"3/27/22",2,0,2,286,6,0,"4/12/22","QNS","N",NA,NA,"4/24/22","Y","QR","L2",5,"#VALUE!","25",25,"5/8/22","Y","DL",6,NA,NA,NA,NA,NA,NA,NA,NA,NA,NA,NA,NA,NA,NA,NA,"Normal",NA,NA,NA,NA,NA,NA,NA,NA,NA,NA,NA,"5/8/22",44,"DL",NA,NA,NA,NA,NA,NA,NA,NA,NA,"Apivar","Synthetic","DL NA",0,292,NA,NA,"DL NA NA NA DL",1,0,0,0,0,1,NA,NA,NA,NA
